medicamento,componente,forma_farmaceutica,concentracao
"acetato de betametasona + fosfato dissódico de betametasona","Componente Básico","suspensão injetável","3 mg/mL + 3 mg/mL"
"acetato de hidrocortisona","Componente Básico","creme","10 mg/g (1%)"
"acetato de hidrocortisona","Componente Básico","suspensão injetável","50 mg/mL"
"acetato de hidrocortisona","Componente Básico","suspensão injetável","150 mg/mL"
"acetato de hidrocortisona","Componente Básico","comprimido","10 mg"
"acetato de medroxiprogesterona + cipionato de estradiol","Componente Básico","suspensão injetável","25 mg/0,5 mL + 5 mg/ 0,5 mL"
"acetato de sódio","Componente Básico","solução injetável","2 mEq/mL"
"acetazolamida","Componente Básico","comprimido","250 mg"
"acetazolamida","Componente Básico","comprimido","200 mg"
"acetazolamida","Componente Básico","creme","50 mg/g (5%)"
"acetazolamida","Componente Básico","pó para solução injetável","250 mg"
"acetazolamida","Componente Básico","comprimido","100 mg"
"acetazolamida","Componente Básico","comprimido","500 mg"
"acetazolamida","Componente Básico","comprimido","5 mg"
"acetazolamida","Componente Básico","solução oral","0,2 mg/mL"
"ácido folínico","Componente Básico","comprimido","15 mg"
"ácido salicílico (FN)","Componente Básico","pomada","50 mg/g (5%)"
"ácido salicílico (FN)","Componente Básico","cápsula","250 mg"
"ácido salicílico (FN)","Componente Básico","comprimido","250 mg"
"ácido salicílico (FN)","Componente Básico","comprimido","300 mg"
"ácido salicílico (FN)","Componente Básico","comprimido","500 mg"
"ácido salicílico (FN)","Componente Básico","solução oral","50 mg/mL"
"ácido salicílico (FN)","Componente Básico","xarope","50 mg/mL"
"ácido salicílico (FN)","Componente Básico","suspensão oral","40 mg/mL"
"ácido salicílico (FN)","Componente Básico","comprimido mastigável","400 mg"
"ácido salicílico (FN)","Componente Básico","cápsula","24 a 48 mg de derivados de ácido cafeoilquínico expressos em ácido clorogênico (dose diária)"
"ácido salicílico (FN)","Componente Básico","comprimido","24 a 48 mg de derivados de ácido cafeoilquínico expressos em ácido clorogênico (dose diária)"
"ácido salicílico (FN)","Componente Básico","solução oral","24 a 48 mg de derivados de ácido cafeoilquínico expressos em ácido clorogênico (dose diária)"
"ácido salicílico (FN)","Componente Básico","","24 a 48 mg de derivados de ácido cafeoilquínico expressos em ácido clorogênico (dose diária)"
"azitromicina","Componente Básico","pomada","10 mg/g (1%)"
"azitromicina","Componente Básico","comprimido","10 mg"
"azitromicina","Componente Básico","comprimido","70 mg"
"azitromicina","Componente Básico","solução injetável","150 mg/mL + 10 mg/mL"
"azitromicina","Componente Básico","comprimido","100 mg"
"azitromicina","Componente Básico","comprimido","300 mg"
"azitromicina","Componente Básico","suspensão oral","50 mg/mL"
"azitromicina","Componente Básico","cápsula","500 mg"
"azitromicina","Componente Básico","comprimido","500 mg"
"azitromicina","Componente Básico","suspensão oral","50 mg/mL + 12,5 mg/mL"
"azitromicina","Componente Básico","comprimido","500 mg + 125 mg"
"azitromicina","Componente Básico","gel vaginal","1,932 mg de ácido gálico (dose diária)"
"azitromicina","Componente Básico","óvulo vaginal","1,932 mg de ácido gálico (dose diária)"
"azitromicina","Componente Básico","comprimido","50 mg"
"azitromicina","Componente Básico","comprimido","100 mg"
"azitromicina","Componente Básico","comprimido","500 mg"
"azitromicina","Componente Básico","pó para suspensão oral continua","40 mg/mL"
"benzilpenicilina potássica","Componente Básico","pó para solução injetável","5.000.000 UI"
"benzilpenicilina procaína + benzilpenicilina potássica","Componente Básico","pó para suspensão injetável","300.000 UI + 100.000 UI"
"benzoilmetronidazol","Componente Básico","suspensão oral","40 mg/mL"
"benzoilmetronidazol","Componente Básico","comprimido","5 mg"
"benzoilmetronidazol","Componente Básico","comprimido","10 mg"
"benzoilmetronidazol","Componente Básico","solução injetável","84 mg/mL (8,4%) equivalente a 1 mEq/mL"
"benzoilmetronidazol","Componente Básico","solução para inalação","0,25 mg/mL"
"benzoilmetronidazol","Componente Básico","solução aerossol","20 mcg/dose"
"benzoilmetronidazol","Componente Básico","suspensão para inalação nasal","32 mcg"
"benzoilmetronidazol","Componente Básico","suspensão para inalação nasal","50 mcg"
"benzoilmetronidazol","Componente Básico","suspensão para inalação nasal","64 mcg"
"carbonato de lítio","Componente Básico","comprimido","300 mg"
"carvão vegetal ativado","Componente Básico","",""
"carvão vegetal ativado","Componente Básico","pó para suspensão oral",""
"carvão vegetal ativado","Componente Básico","comprimido","3,125 mg"
"carvão vegetal ativado","Componente Básico","comprimido","6,25 mg"
"carvão vegetal ativado","Componente Básico","comprimido","12,5 mg"
"carvão vegetal ativado","Componente Básico","comprimido","25 mg"
"tintura","Componente Básico","cápsula","500 mg"
"tintura","Componente Básico","comprimido","500 mg"
"tintura","Componente Básico","suspensão oral","50 mg/mL"
"tintura","Componente Básico","pó para solução injetável","500 mg"
"tintura","Componente Básico","pó para solução injetável","250 mg"
"tintura","Componente Básico","pó para solução injetável","500 mg"
"tintura","Componente Básico","pó para solução injetável","1g"
"cetoconazol","Componente Básico","","20 mg/mL (2%)"
"cianocobalamina","Componente Básico","solução injetável","500 mcg/mL"
"cianocobalamina","Componente Básico","comprimido","250 mg"
"cianocobalamina","Componente Básico","comprimido","500 mg"
"cianocobalamina","Componente Básico","grânulo para suspensão oral","50 mg/mL"
"cianocobalamina","Componente Básico","cápsula","500 mg"
"cianocobalamina","Componente Básico","comprimido","250 mg"
"cianocobalamina","Componente Básico","comprimido","500 mg"
"cloridrato de clomipramina","Componente Básico","solução oral","2,5 mg/mL"
"cloridrato de clomipramina","Componente Básico","cápsula","250 mg"
"cloridrato de clomipramina","Componente Básico","comprimido","250 mg"
"cloridrato de clomipramina","Componente Básico","solução injetável","191 mg/mL (19,1%) equivalente a 2,56 mEq/mL"
"cloridrato de clomipramina","Componente Básico","solução injetável","200 mg/mL (20%) equivalente a 3,4 mEq/mL"
"cloridrato de clomipramina","Componente Básico","solução nasal","9 mg/mL (0,9%)"
"cloridrato de clomipramina","Componente Básico","solução injetável","9 mg/mL (0,9%) equivalente a 0,154 mEq/mL"
"cloridrato de clomipramina","Componente Básico","solução injetável","50 mg/mL"
"cloridrato de clomipramina","Componente Básico","comprimido","200 mg"
"cloridrato de clomipramina","Componente Básico","comprimido","25 mg"
"cloridrato de clomipramina","Componente Básico","comprimido","75 mg"
"cloridrato de clomipramina","Componente Básico","comprimido de liberação prolongada","4 mg"
"cloridrato de clomipramina","Componente Básico","comprimido","2 mg"
"cloridrato de clomipramina","Componente Básico","solução injetável","2,5 mg/mL (0,25%)"
"cloridrato de clomipramina","Componente Básico","solução injetável","5 mg/mL (0,50%)"
"cloridrato de clomipramina","Componente Básico","cápsula","150 mg"
"cloridrato de clomipramina","Componente Básico","cápsula","300 mg"
"cloridrato de clomipramina","Componente Básico","comprimido","10 mg"
"cloridrato de clomipramina","Componente Básico","comprimido continua","25 mg"
"cloridrato de dobutamina","Componente Básico","solução injetável","12,5 mg/mL"
"cloridrato de dopamina","Componente Básico","solução injetável","5 mg/mL"
"cloridrato de dopamina","Componente Básico","cápsula","20 mg"
"cloridrato de dopamina","Componente Básico","comprimido","20 mg"
"cloridrato de dopamina","Componente Básico","comprimido","25 mg"
"cloridrato de dopamina","Componente Básico","comprimido","50 mg"
"cloridrato de dopamina","Componente Básico","solução injetável","10 mg/mL (1%)"
"cloridrato de dopamina","Componente Básico","solução injetável","20 mg/mL (2%)"
"cloridrato de dopamina","Componente Básico","gel","20 mg/g (2%)"
"cloridrato de dopamina","Componente Básico","solução spray","100 mg/mL (10%)"
"cloridrato de dopamina","Componente Básico","solução injetável","50 mg/mL + 75 mg/mL (5% + 7,5%)"
"cloridrato de dopamina","Componente Básico","solução injetável","2% + 1:200.000 (20 mg + 20 mcg/mL)"
"cloridrato de dopamina","Componente Básico","solução injetável","2% + 1:80.000 (20 mg + 12,5 mcg/mL)"
"cloridrato de dopamina","Componente Básico","solução injetável","1% + 1:200.000 (10 mg + 20 mcg/mL)"
"cloridrato de pilocarpina","Componente Básico","solução oftálmica","20 mg/mL (2%)"
"cloridrato de piridoxina","Componente Básico","comprimido","40 mg"
"cloridrato de prilocaína + felipressina","Componente Básico","solução injetável","30 mg/mL (3%) + 0,03 UI/mL"
"cloridrato de prilocaína + felipressina","Componente Básico","comprimido","25 mg"
"cloridrato de prilocaína + felipressina","Componente Básico","solução injetável","25 mg/mL"
"diazepam","Componente Básico","comprimido","300 mg"
"diazepam","Componente Básico","comprimido","150 mg"
"diazepam","Componente Básico","comprimido","10 mg"
"diazepam","Componente Básico","comprimido","40 mg"
"diazepam","Componente Básico","solução injetável","10 mg/mL"
"diazepam","Componente Básico","pomada oftálmica","5 mg/g"
"diazepam","Componente Básico","cápsula","500 mg"
"diazepam","Componente Básico","comprimido","300 mg"
"diazepam","Componente Básico","comprimido","80 mg"
"diazepam","Componente Básico","solução injetável","2,5 mg/mL"
"diazepam","Componente Básico","comprimido","120 mg"
"diazepam","Componente Básico","creme dermatológico","1 mg/g (0,1%)"
"diazepam","Componente Básico","pomada oftálmica","1 mg/g (0,1%)"
"diazepam","Componente Básico","suspensão oftálmica","1 mg/mL (0,1%)"
"diazepam","Componente Básico","comprimido","4 mg"
"diazepam","Componente Básico","","0,1 mg/mL"
"elixir","Componente Básico","solução injetável","4 mg/mL"
"elixir","Componente Básico","solução injetável","5 mg/mL"
"elixir","Componente Básico","comprimido","5 mg"
"elixir","Componente Básico","comprimido continua","10 mg"
"elixir","Componente Básico","comprimido sublingual","5 mg"
"elixir","Componente Básico","comprimido","500 mg"
"elixir","Componente Básico","solução oral","500 mg/mL"
"elixir","Componente Básico","solução injetável","500 mg/mL"
"elixir","Componente Básico","solução aerossol","50 mcg/dose"
"elixir","Componente Básico","suspensão para inalação nasal","50 mcg/dose"
"elixir","Componente Básico","pó para inalação oral","200 mcg/dose"
"elixir","Componente Básico","solução aerossol","200 mcg/dose"
"elixir","Componente Básico","solução aerossol","250 mcg/dose"
"elixir","Componente Básico","cápsula para inalação oral","200 mcg/dose"
"elixir","Componente Básico","pó para inalação oral","400 mcg/dose"
"elixir","Componente Básico","cápsula para inalação oral","400 mcg/dose"
"enantato de noretisterona + valerato de estradiol","Componente Básico","solução injetável","50 mg/mL + 5 mg/mL"
"epinefrina","Componente Básico","solução injetável","1 mg/mL"
"fenitoína","Componente Básico","cápsula","60 a 90 mg taninos totais expressos em pirogalol (dose diária)"
"fenitoína","Componente Básico","","60 a 90 mg taninos totais expressos em pirogalol (dose diária)"
"tintura","Componente Básico","suspensão oral","60 a 90 mg taninos totais expressos em pirogalol (dose diária)"
"tintura","Componente Básico","emulsão oral","60 a 90 mg taninos totais expressos em pirogalol (dose diária)"
"tintura","Componente Básico","comprimido","25 mg"
"tintura","Componente Básico","comprimido","100 mg"
"tintura","Componente Básico","suspensão oral","25 mg/mL"
"tintura","Componente Básico","comprimido","500 mg"
"tintura","Componente Básico","suspensão oral","50 mg/mL"
"tintura","Componente Básico","creme vaginal","1 mg/g"
"tintura","Componente Básico","creme vaginal","0,625 mg/g"
"tintura","Componente Básico","comprimido","0,3 mg"
"tintura","Componente Básico","comprimido","0,625 mg"
"tintura","Componente Básico","comprimido","0,03 mg + 0,15 mg"
"tintura","Componente Básico","comprimido","100 mg"
"tintura","Componente Básico","suspensão oral","20 mg/mL"
"tintura","Componente Básico","solução injetável continua","50 mg/mL"
"flumazenil","Componente Básico","solução injetável","0,1 mg/mL"
"folinato de cálcio","Componente Básico","comprimido","15 mg"
"fosfato de cálcio tribásico + colecalciferol","Componente Básico","comprimido","1661,616 mg (600 mg de cálcio) + 400 UI"
"fosfato de cálcio tribásico + colecalciferol","Componente Básico","solução tópica","10 mg/g"
"fosfato de cálcio tribásico + colecalciferol","Componente Básico","gel","10 mg/g"
"fosfato de cálcio tribásico + colecalciferol","Componente Básico","solução injetável","0,03 g/mL + 0,1567 g/mL (equivalente a 2 mEq/mL)"
"fosfato de cálcio tribásico + colecalciferol","Componente Básico","solução oral","1 mg/mL"
"fosfato de cálcio tribásico + colecalciferol","Componente Básico","solução oral","3 mg/mL"
"gliclazida","Componente Básico","comprimido","40 mg"
"gliclazida","Componente Básico","solução injetável","10 mg/mL"
"gliclazida","Componente Básico","cápsula","30 a 100 mg de harpagosídeo ou 45 a 150 mg de iridoides totais expressos em harpagosídeos (dose diária)"
"gliclazida","Componente Básico","comprimido","30 a 100 mg de harpagosídeo ou 45 a 150 mg de iridoides totais expressos em harpagosídeos (dose diária)"
"gliclazida","Componente Básico","comprimido de liberação prolongada","30 a 100 mg de harpagosídeo ou 45 a 150 mg de iridoides totais expressos em harpagosídeos (dose diária)"
"gliclazida","Componente Básico","pomada oftálmica","5 mg/g"
"gliclazida","Componente Básico","solução oftálmica","5 mg/mL"
"gliclazida","Componente Básico","comprimido","5 mg"
"gliclazida","Componente Básico","solução retal","120 mg/mL"
"gliclazida","Componente Básico","supositório retal","81 mg - 92 mg"
"gliclazida","Componente Básico","comprimido de liberação prolongada","30 mg"
"gliclazida","Componente Básico","comprimido de liberação prolongada","60 mg"
"gliclazida","Componente Básico","comprimido continua","80 mg"
"tintura","Componente Básico","xarope","0,5 a 5 mg de cumarina (dose diária)"
"tintura","Componente Básico","solução oral","0,5 a 5 mg de cumarina (dose diária)"
"tintura","Componente Básico","comprimido","1 mg"
"tintura","Componente Básico","comprimido","5 mg"
"tintura","Componente Básico","solução injetável","50 mg/mL"
"tintura","Componente Básico","solução oral","2 mg/mL"
"tintura","Componente Básico","solução injetável","5 mg/mL"
"hemitartarato de norepinefrina","Componente Básico","solução injetável","2 mg/mL"
"heparina sódica","Componente Básico","solução injetável","5.000 UI/0,25 mL"
"heparina sódica","Componente Básico","comprimido","230 mg"
"heparina sódica","Componente Básico","comprimido","300 mg"
"heparina sódica","Componente Básico","suspensão oral","60 mg/mL"
"heparina sódica","Componente Básico","comprimido","12,5 mg"
"heparina sódica","Componente Básico","comprimido","25 mg"
"heparina sódica","Componente Básico","solução oftálmica","3 mg/mL (0,3%)"
"heparina sódica","Componente Básico","solução oftálmica","5 mg/mL (0,5%)"
"imiquimode","Componente Básico","creme","50 mg/g"
"insulina humana NPH","Componente Básico","suspensão injetável","100 UI/mL"
"insulina humana regular","Componente Básico","solução injetável","100 UI/mL"
"insulina humana regular","Componente Básico","cápsula","50 a 120 mg de isoflavonas (dose diária)"
"insulina humana regular","Componente Básico","comprimido","50 a 120 mg de isoflavonas (dose diária)"
"insulina humana regular","Componente Básico","solução oral","10 mg/mL"
"insulina humana regular","Componente Básico","cápsula","100 mg"
"ivermectina","Componente Básico","comprimido","6 mg"
"lactato de biperideno","Componente Básico","solução injetável","5 mg/mL"
"lactulose","Componente Básico","xarope","667 mg/mL"
"lactulose","Componente Básico","cápsula","100 mg + 25 mg"
"lactulose","Componente Básico","comprimido","100 mg + 25 mg"
"lactulose","Componente Básico","comprimido","200 mg + 50 mg"
"maleato de timolol","Componente Básico","comprimido","200 mg + 50 mg"
"maleato de timolol","Componente Básico","comprimido","250 mg + 25 mg"
"maleato de timolol","Componente Básico","comprimido","0,75 mg"
"maleato de timolol","Componente Básico","comprimido","1,5 mg"
"maleato de timolol","Componente Básico","comprimido","12,5 mcg"
"maleato de timolol","Componente Básico","comprimido","25 mcg"
"maleato de timolol","Componente Básico","comprimido","37,5 mcg"
"maleato de timolol","Componente Básico","comprimido","50 mcg"
"maleato de timolol","Componente Básico","comprimido","100 mcg"
"maleato de timolol","Componente Básico","xarope","1 mg/mL"
"maleato de timolol","Componente Básico","comprimido","10 mg"
"maleato de timolol","Componente Básico","comprimido","50 mg"
"maleato de timolol","Componente Básico","comprimido","2 mg"
"maleato de timolol","Componente Básico","solução oral","0,4 mg/mL"
"maleato de timolol","Componente Básico","xarope","0,4 mg/mL"
"maleato de timolol","Componente Básico","comprimido","5 mg"
"maleato de timolol","Componente Básico","comprimido","10 mg"
"maleato de timolol","Componente Básico","comprimido","20 mg"
"maleato de timolol","Componente Básico","solução oftálmica","2,5 mg/mL (0,25%)"
"maleato de timolol","Componente Básico","solução oftálmica continua","5 mg/mL (0,5%)"
"Conforme Farmacopeia Homeopática Brasileira vigente","Componente Básico","comprimido","2 mg"
"Conforme Farmacopeia Homeopática Brasileira vigente","Componente Básico","comprimido","4 mg"
"metilsulfato de pralidoxima","Componente Básico","solução injetável","200 mg"
"metildopa","Componente Básico","comprimido","250 mg"
"metildopa","Componente Básico","gel vaginal","100 mg/g (10%)"
"metildopa","Componente Básico","comprimido","250 mg"
"metildopa","Componente Básico","comprimido","400 mg"
"metildopa","Componente Básico","solução oral","2 mg/mL"
"metildopa","Componente Básico","comprimido vaginal","25 mcg"
"metildopa","Componente Básico","comprimido vaginal","200 mcg"
"metildopa","Componente Básico","comprimido","20 mg"
"metildopa","Componente Básico","comprimido","40 mg"
"metildopa","Componente Básico","cápsula","10 mg"
"metildopa","Componente Básico","comprimido","10 mg"
"metildopa","Componente Básico","suspensão oral","100.000 UI/mL"
"metildopa","Componente Básico","gel oral","2% (20 mg/g)"
"metildopa","Componente Básico","loção","2% (20 mg/g)"
"metildopa","Componente Básico","pó","2% (20 mg/g)"
"metildopa","Componente Básico","creme vaginal","2% (20 mg/g)"
"metildopa","Componente Básico","creme","2% (20 mg/g)"
"plantago (Plantago ovata Forssk.)","Componente Básico","",""
"óleo para uso oral","Componente Básico","cápsula","10 mg"
"óleo para uso oral","Componente Básico","cápsula","20 mg"
"óleo para uso oral","Componente Básico","solução oral","150.000 UI/mL"
"óleo para uso oral","Componente Básico","solução oral","200 mg/mL"
"óleo para uso oral","Componente Básico","comprimido","500 mg"
"óleo para uso oral","Componente Básico","pasta","250 mg/g (25%)"
"óleo para uso oral","Componente Básico","comprimido para uso tópico","100 mg"
"óleo para uso oral","Componente Básico","pó","100 mg (FN)"
"óleo para uso oral","Componente Básico","loção","10 mg/g (1%) 10 mg/mL (1%)"
"óleo para uso oral","Componente Básico","loção","50 mg/g (5%) 50 mg/mL (5%)"
"óleo para uso oral","Componente Básico","gel","25 mg/g (2,5%)"
"óleo para uso oral","Componente Básico","gel","50 mg/g (5%)"
"óleo para uso oral","Componente Básico","pó para dispersão oral","3 a 30 g (dose diária)"
"óleo para uso oral","Componente Básico","granulado simples","3 a 30 g (dose diária)"
"óleo para uso oral","Componente Básico","pó efervescente continua","3 a 30 g (dose diária)"
"podofilina (FN)","Componente Básico","solução para uso tópico","100 mg/mL (10%) a 250 mg/ mL (25%)"
"podofilotoxina","Componente Básico","creme","1,5 mg/g"
"podofilotoxina","Componente Básico","comprimido","5 mg"
"podofilotoxina","Componente Básico","comprimido","20 mg"
"propiltiouracila","Componente Básico","comprimido","100 mg"
"rifampicina","Componente Básico","cápsula","300 mg"
"cloreto de sódio, glicose anidra, cloreto de potássio, citrato de sódio diidratado","Componente Básico","pó para solução oral",""
"cloreto de sódio, glicose anidra, cloreto de potássio, citrato de sódio diidratado","Componente Básico","comprimido","60 a 240 mg de salicina (dose diária)"
"cloreto de sódio, glicose anidra, cloreto de potássio, citrato de sódio diidratado","Componente Básico","","60 a 240 mg de salicina (dose diária)"
"elixir","Componente Básico","solução oral","60 a 240 mg de salicina (dose diária)"
"elixir","Componente Básico","comprimido","10 mg"
"elixir","Componente Básico","comprimido","20 mg"
"elixir","Componente Básico","comprimido","40 mg"
"elixir","Componente Básico","solução injetável","lactato de sódio 3 mg/mL + cloreto de sódio 6 mg/mL + cloreto de potássio 0,3 mg/ mL + cloreto de cálcio 0,2 mg/mL"
"sinvastatina","Componente Básico","solução ringer + lactato",""
"succinato sódico de hidrocortisona","Componente Básico","pó para solução injetável","100 mg"
"succinato sódico de hidrocortisona","Componente Básico","pó para solução injetável","500 mg"
"sulfadiazina de prata","Componente Básico","creme","10 mg/g (1%)"
"sulfadiazina de prata","Componente Básico","suspensão oral","40 mg/mL + 8 mg/mL"
"sulfadiazina de prata","Componente Básico","solução injetável","80 mg/mL + 16 mg/mL"
"sulfadiazina de prata","Componente Básico","comprimido","400 mg + 80 mg"
"sulfadiazina de prata","Componente Básico","solução injetável","0,25 mg/mL"
"sulfato de salbutamol","Componente Básico","pó para solução oral",""
"sulfato de salbutamol","Componente Básico","solução injetável","10% (0,81 mEq/mL Mg++)"
"sulfato de salbutamol","Componente Básico","solução injetável","50% (4,05 mEq/mL Mg++)"
"sulfato de salbutamol","Componente Básico","solução otológica","10.000 UI/mL + 3,500 mg/mL + 0,250 mg/mL + 20 mg/mL"
"sulfato de salbutamol","Componente Básico","suspensão aerossol","100 mcg/dose"
"sulfato de salbutamol","Componente Básico","solução para inalação","5 mg/mL"
"sulfato de salbutamol","Componente Básico","solução injetável continua","0,5 mg/mL"
"varfarina sódica","Componente Básico","solução injetável","200 mcg/mL"
"varfarina sódica","Componente Básico","comprimido mastigável","10 mg"
"varfarina sódica","Componente Básico","xarope","4 mg/mL"
"varfarina sódica","Componente Básico","xarope","Equivalente a 5 mg/mL de ferro elementar"
"varfarina sódica","Componente Básico","solução oral","Equivalente a 25 mg/mL de ferro elementar"
"varfarina sódica","Componente Básico","comprimido","Equivalente a 40 mg de ferro elementar"
"varfarina sódica","Componente Básico","comprimido","100 mg"
"varfarina sódica","Componente Básico","comprimido","500 mg"
"varfarina sódica","Componente Básico","suspensão oral","10 mg/mL"
"varfarina sódica","Componente Básico","comprimido","5 mg"
"varfarina sódica","Componente Básico","comprimido","10 mg"
"varfarina sódica","Componente Básico","cápsula","0,9 mg de alcaloides oxindólicos pentaclíclicos"
"varfarina sódica","Componente Básico","comprimido","0,9 mg de alcaloides oxindólicos pentaclíclicos"
"varfarina sódica","Componente Básico","gel","0,9 mg de alcaloides oxindólicos pentaclíclicos"
"varfarina sódica","Componente Básico","comprimido","1 mg"
"varfarina sódica","Componente Básico","comprimido","5 mg"
"Concentração/ Composição​","Componente Estratégico","solução injetável","4 mcg/mL"
"Concentração/ Composição​","Componente Estratégico","solução injetável","15 mcg/mL"
"ácido folínico","Componente Estratégico","comprimido","15 mg"
"ácido paraminossalicílico","Componente Estratégico","granulado oral","4g"
"ácido tranexâmico","Componente Estratégico","comprimido","250 mg"
"albendazol","Componente Estratégico","comprimido mastigável","400 mg"
"alfapeginterferona 2a","Componente Estratégico","solução injetável","180 mcg"
"alfapeginterferona 2a","Componente Estratégico","pó para solução injetável","118,4 mcg (80 mcg/0,5 mL após reconstituição)"
"alfapeginterferona 2a","Componente Estratégico","pó para solução injetável","148 mcg (100 mcg/0,5 mL após reconstituição)"
"alfapeginterferona 2a","Componente Estratégico","pó para solução injetável","177,6 mcg (120 mcg/0,5 mL após reconstituição)"
"anfotericina B (complexo lipídico)","Componente Estratégico","suspensão injetável","5 mg/mL"
"anfotericina B (desoxicolato)","Componente Estratégico","pó para solução injetável","50 mg"
"anfotericina B (lipossomal)","Componente Estratégico","pó para solução injetável","50 mg"
"anidulafungina","Componente Estratégico","pó liofilizado para solução injetável","100 mg"
"antimoniato de meglumina","Componente Estratégico","solução injetável","300 mg/mL"
"artemeter + lumefantrina","Componente Estratégico","comprimido","20 mg + 120 mg"
"artesunato","Componente Estratégico","pó para solução injetável","60 mg/mL"
"artesunato","Componente Estratégico","comprimido","25 mg + 50 mg"
"artesunato","Componente Estratégico","comprimido","100 mg + 220 mg"
"artesunato","Componente Estratégico","comprimido","500 mg"
"artesunato","Componente Estratégico","pó para suspensão oral","40 mg/mL"
"artesunato","Componente Estratégico","comprimido","250 mg"
"bedaquilina","Componente Estratégico","comprimido","100 mg"
"benzilpenicilina benzatina","Componente Estratégico","pó para suspensão injetável","1.200.000 UI"
"benzilpenicilina potássica","Componente Estratégico","pó para solução injetável","5.000.000 UI"
"benzilpenicilina potássica","Componente Estratégico","comprimido","12,5 mg"
"benzilpenicilina potássica","Componente Estratégico","comprimido","100 mg"
"capreomicina","Componente Estratégico","pó para solução injetável","1g"
"citrato de dietilcarbamazina","Componente Estratégico","comprimido","50 mg"
"claritromicina","Componente Estratégico","comprimido","500 mg"
"claritromicina","Componente Estratégico","cápsula","50 mg"
"claritromicina","Componente Estratégico","cápsula","100 mg"
"cloranfenicol","Componente Estratégico","suspensão oral","25 mg/mL"
"cloridrato de bupropiona","Componente Estratégico","comprimido de liberação prolongada","150 mg"
"cloridrato de doxiciclina","Componente Estratégico","comprimido","100 mg"
"cloridrato de etambutol","Componente Estratégico","comprimido","400 mg"
"cloridrato de hidroxocobalamina","Componente Estratégico","pó para solução injetável","5g"
"cloridrato de minociclina","Componente Estratégico","comprimido","100 mg"
"cloridrato de moxifloxacino","Componente Estratégico","comprimido","400 mg"
"cloridrato de piridoxina","Componente Estratégico","comprimido","50 mg"
"complexo protrombínico humano","Componente Estratégico","pó para solução injetável","500 UI"
"complexo protrombínico humano","Componente Estratégico","pó para solução injetável","600 UI"
"complexo protrombínico humano","Componente Estratégico","pó para solução injetável","500 UI"
"complexo protrombínico humano","Componente Estratégico","pó para solução injetável","1.000 UI"
"complexo protrombínico humano","Componente Estratégico","pó para solução injetável","2.500 UI"
"complexo protrombínico humano","Componente Estratégico","comprimido","30 mg"
"complexo protrombínico humano","Componente Estratégico","comprimido","60 mg"
"complexo protrombínico humano","Componente Estratégico","comprimido","50 mg*"
"complexo protrombínico humano","Componente Estratégico","comprimido","100 mg"
"complexo protrombínico humano","Componente Estratégico","comprimido","75 mg"
"complexo protrombínico humano","Componente Estratégico","comprimido","150 mg"
"complexo protrombínico humano","Componente Estratégico","comprimido","600 mg"
"complexo protrombínico humano","Componente Estratégico","comprimido","800mg"
"delamanida","Componente Estratégico","comprimido","50 mg"
"dicloridrato de sapropterina","Componente Estratégico","comprimido","100 mg"
"difosfato de cloroquina","Componente Estratégico","comprimido","150 mg"
"Concentração/ Composição​","Componente Estratégico","comprimido","15 mg"
"Concentração/ Composição​","Componente Estratégico","comprimido","5 mg"
"Concentração/ Composição​","Componente Estratégico","comprimido","50 mg"
"Concentração/ Composição​","Componente Estratégico","comprimidos dispersíveis","5mg"
"Concentração/ Composição​","Componente Estratégico","comprimido","50mg + 300mg"
"Concentração/ Composição​","Componente Estratégico","pó para solução injetável","100 mg"
"Concentração/ Composição​","Componente Estratégico","comprimido solúvel","100 mg"
"Concentração/ Composição​","Componente Estratégico","comprimido","600 mg"
"Concentração/ Composição​","Componente Estratégico","cápsula","200 mg"
"Concentração/ Composição​","Componente Estratégico","solução oral","30 mg/mL"
"Concentração/ Composição​","Componente Estratégico","comprimido","50 mg + 100 mg"
"Concentração/ Composição​","Componente Estratégico","solução injetável","30 mg/mL"
"Concentração/ Composição​","Componente Estratégico","solução injetável","150 mg /mL"
"Concentração/ Composição​","Componente Estratégico","pó para solução injetável","108 mg (90 mg/mL após reconstituição)"
"Concentração/ Composição​","Componente Estratégico","comprimido","0,5 mg"
"Concentração/ Composição​","Componente Estratégico","comprimido","1 mg"
"Concentração/ Composição​","Componente Estratégico","comprimido","1.500.000 UI"
"Concentração/ Composição​","Componente Estratégico","comprimido","500 mg"
"Concentração/ Composição​","Componente Estratégico","suspensão oral continua","50 mg/mL"
"Concentração/ Composição​","Componente Estratégico","comprimido","250 mg"
"Concentração/ Composição​","Componente Estratégico","comprimido","100 mg"
"Concentração/ Composição​","Componente Estratégico","comprimido","200 mg"
"Concentração/ Composição​","Componente Estratégico","pó para solução injetável","200 UI"
"Concentração/ Composição​","Componente Estratégico","pó para solução injetável","250 UI"
"Concentração/ Composição​","Componente Estratégico","pó para solução injetável","500 UI"
"Concentração/ Composição​","Componente Estratégico","pó para solução injetável","600 UI"
"Concentração/ Composição​","Componente Estratégico","pó para solução injetável","1.000 UI"
"Concentração/ Composição​","Componente Estratégico","pó para solução injetável","1.200 UI"
"Concentração/ Composição​","Componente Estratégico","pó para solução injetável","1 mg (50.000 UI)"
"Concentração/ Composição​","Componente Estratégico","pó para solução injetável","2 mg (100.000 UI)"
"Concentração/ Composição​","Componente Estratégico","pó para solução injetável","5 mg (250.000 UI)"
"Concentração/ Composição​","Componente Estratégico","pó para solução injetável","1.000 UI"
"Concentração/ Composição​","Componente Estratégico","pó para solução injetável","500 UI"
"Concentração/ Composição​","Componente Estratégico","pó para solução injetável","250 UI"
"Concentração/ Composição​","Componente Estratégico","pó para solução injetável","250 UI"
"Concentração/ Composição​","Componente Estratégico","pó para solução injetável","500 UI"
"Concentração/ Composição​","Componente Estratégico","pó para solução injetável","1.000 UI"
"Concentração/ Composição​","Componente Estratégico","pó para solução injetável","250 UI"
"Concentração/ Composição​","Componente Estratégico","pó para solução injetável","500 UI"
"Concentração/ Composição​","Componente Estratégico","pó para solução injetável","1.000 UI"
"Concentração/ Composição​","Componente Estratégico","pó para solução injetável continua","1.500 UI"
"fator XIII de coagulação","Componente Estratégico","pó para solução injetável","250 UI"
"fenoximetilpenicilina potássica","Componente Estratégico","pó para solução oral","80.000 UI/mL"
"fibrinogênio","Componente Estratégico","pó para solução injetável","1g"
"flucitosina","Componente Estratégico","cápsula","500 mg"
"fluconazol","Componente Estratégico","solução injetável","2 mg/mL"
"folinato de cálcio","Componente Estratégico","comprimido","15 mg"
"fosamprenavir","Componente Estratégico","suspensão oral","50 mg/mL"
"fosamprenavir","Componente Estratégico","cápsula","30 mg"
"fosamprenavir","Componente Estratégico","cápsula","45 mg"
"fosamprenavir","Componente Estratégico","cápsula","75 mg"
"fostensavir trometamol","Componente Estratégico","comprimido de liberação prolongada","600 mg"
"fumarato de tenofovir desoproxila","Componente Estratégico","comprimido","300 mg"
"fumarato de tenofovir desoproxila + entricitabina","Componente Estratégico","comprimido","300 mg + 200 mg"
"fumarato de tenofovir desoproxila + lamivudina","Componente Estratégico","comprimido","300 mg + 300 mg"
"fumarato de tenofovir desoproxila + lamivudina + efavirenz","Componente Estratégico","comprimido","300 mg + 300 mg + 600 mg"
"glecaprevir + pibrentasvir","Componente Estratégico","comprimido","100 mg + 40 mg"
"hemifumarato de tenofovir alafenamida","Componente Estratégico","comprimido","25 mg"
"imunoglobulina antitetânica","Componente Estratégico","solução injetável","250 UI/mL"
"imunoglobulina antitetânica","Componente Estratégico","solução injetável","180 - 200 UI/mL"
"imunoglobulina antitetânica","Componente Estratégico","solução injetável","600 UI"
"imunoglobulina antitetânica","Componente Estratégico","solução injetável","100 UI"
"imunoglobulina antitetânica","Componente Estratégico","solução injetável","500 UI"
"imunoglobulina antitetânica","Componente Estratégico","solução injetável","1.000 UI"
"imunoglobulina humana antirrábica","Componente Estratégico","solução injetável","150 UI/mL"
"imunoglobulina humana antivaricela zoster","Componente Estratégico","solução injetável","125 UI/ 2,5 mL"
"imunoglobulina humana antivaricela zoster","Componente Estratégico","comprimido","130 mg"
"imunoglobulina humana antivaricela zoster","Componente Estratégico","xarope","20 mg/mL"
"imunoglobulina humana antivaricela zoster","Componente Estratégico","pó para solução injetável","300 mg"
"imunoglobulina humana antivaricela zoster","Componente Estratégico","comprimido","100 mg"
"imunoglobulina humana antivaricela zoster","Componente Estratégico","comprimido","300 mg"
"imunoglobulina humana antivaricela zoster","Componente Estratégico","cápsula","100 mg"
"imunoglobulina humana antivaricela zoster","Componente Estratégico","solução oral","10 mg/mL"
"imunoglobulina humana antivaricela zoster","Componente Estratégico","comprimido","150 mg"
"imunoglobulina humana antivaricela zoster","Componente Estratégico","comprimido","90 mg + 100 mg"
"Concentração/ Composição​","Componente Estratégico","comprimido","250 mg"
"Concentração/ Composição​","Componente Estratégico","comprimido","500 mg"
"Concentração/ Composição​","Componente Estratégico","comprimido","600 mg"
"Concentração/ Composição​","Componente Estratégico","solução para infusão","2 mg/mL"
"Concentração/ Composição​","Componente Estratégico","comprimido","200 mg + 50 mg"
"Concentração/ Composição​","Componente Estratégico","solução oral","80 mg/mL + 20 mg/mL"
"Concentração/ Composição​","Componente Estratégico","comprimido","100 mg + 25 mg"
"maraviroque","Componente Estratégico","comprimido","150 mg"
"micronutrientes","Componente Estratégico","pó","cada sachê de 1 g contém: vitamina A 400 mcg, vitamina D 5 mcg, vitamina E 5 mg, vitamina C 30 mg, vitamina B1 0,5 mg, vitamina B2 0,5 mg, vitamina B6 0,5 mg, vitamina PP 6 mg, vitamina B9 150 mcg, vitamina B12 0,9 mcg, ferro 10 mg, zinco 4,1 mg, cobre 560 mcg, selênio 17 mcg, iodo 90 mcg"
"micronutrientes","Componente Estratégico","cápsula","10 mg"
"micronutrientes","Componente Estratégico","cápsula","50 mg"
"micronutrientes","Componente Estratégico","comprimido","200 mg"
"micronutrientes","Componente Estratégico","suspensão oral","10 mg/mL"
"Concentração/ Composição​","Componente Estratégico","adesivo transdérmico","7 mg"
"Concentração/ Composição​","Componente Estratégico","adesivo transdérmico","14 mg"
"Concentração/ Composição​","Componente Estratégico","adesivo transdérmico","21 mg"
"Concentração/ Composição​","Componente Estratégico","","2 mg"
"goma de mascar","Componente Estratégico","","2 mg"
"nifurtimox","Componente Estratégico","comprimido","120 mg"
"nirmatrelvir + ritonavir","Componente Estratégico","comprimido","150 mg + 100 mg"
"ofloxacino","Componente Estratégico","comprimido","400 mg"
"oxamniquina","Componente Estratégico","suspensão oral","50 mg/mL"
"palivizumabe","Componente Estratégico","solução injetável","100 mg/mL (frasco de 0,5 mL e 1 mL)"
"palivizumabe","Componente Estratégico","cápsula mole","100.000 UI"
"palivizumabe","Componente Estratégico","cápsula mole","200.000 UI"
"palivizumabe","Componente Estratégico","comprimido de liberação prolongada","400 mg"
"palivizumabe","Componente Estratégico","comprimido","500 mg"
"palivizumabe","Componente Estratégico","suspensão oral","30 mg/mL (3%)"
"palivizumabe","Componente Estratégico","comprimido dispersível","150 mg"
"pirimetamina","Componente Estratégico","comprimido","25 mg"
"praziquantel","Componente Estratégico","comprimido","600 mg"
"praziquantel","Componente Estratégico","comprimido","20 mg"
"praziquantel","Componente Estratégico","comprimido","5 mg"
"Concentração/ Composição​","Componente Estratégico","comprimido","200 mg"
"Concentração/ Composição​","Componente Estratégico","granulado para suspensão oral","100 mg"
"Concentração/ Composição​","Componente Estratégico","comprimido mastigável","100 mg"
"Concentração/ Composição​","Componente Estratégico","comprimido","400 mg"
"ribavirina","Componente Estratégico","cápsula","250 mg"
"rifabutina","Componente Estratégico","cápsula","150 mg"
"rifabutina","Componente Estratégico","suspensão oral","20 mg/mL"
"rifabutina","Componente Estratégico","cápsula","150 mg*"
"rifabutina","Componente Estratégico","cápsula","300 mg"
"rifabutina","Componente Estratégico","comprimido","150 mg + 75 mg"
"rifabutina","Componente Estratégico","comprimidos dispersíveis","75 mg + 50 mg"
"rifabutina","Componente Estratégico","comprimido","300 mg + 150 mg"
"rifampicina + isoniazida + pirazinamida","Componente Estratégico","comprimidos dispersíveis","75 mg + 50 mg + 150 mg"
"rifampicina + isoniazida + pirazinamida + cloridrato de etambutol","Componente Estratégico","comprimido","150 mg + 75 mg + 400 mg + 275 mg"
"rifapentina","Componente Estratégico","comprimido","150 mg"
"rifapentina + isoniazida","Componente Estratégico","comprimido","300 mg + 300 mg"
"ritonavir","Componente Estratégico","comprimido","100 mg"
"sofosbuvir","Componente Estratégico","comprimido","400 mg"
"sofosbuvir + velpatasvir","Componente Estratégico","comprimido","400 mg + 100 mg"
"sofosbuvir + velpatasvir + voxilaprevir","Componente Estratégico","comprimido","400 mg + 100 mg + 100 mg"
"soro antiaracnídico (Loxosceles, Phoneutria e Tityus)","Componente Estratégico","solução injetável","cada mL contém imunoglobulinas que neutralizam, no mínimo, 1,5 Dose Mínima Mortal (DMM) de veneno de Tityus serrulatus (1,5 DMM/mL), 1,5 DMM de veneno de Phoneutria nigriventer (1,5 DMM/mL) e 15 DMN (Dose Mínima Necrosante) de veneno de Loxosceles gaucho (15 DMN/mL)"
"soro antibotrópico (pentavalente)","Componente Estratégico","solução injetável","cada mL contém imunoglobulinas (IgG) que neutralizam, no mínimo, 5 mg de veneno de Bothrops jararaca (5 mg/mL)"
"soro antibotrópico (pentavalente) e anticrotálico","Componente Estratégico","solução injetável","cada mL contém imunoglobulinas que neutralizam, no mínimo, 5 mg de veneno de Bothrops jararaca e a 1,5 mg de veneno de Crotalus durissus terrifcus (5 mg/mL e 1,5 mg/mL)"
"soro antibotrópico (pentavalente) e antilaquético","Componente Estratégico","solução injetável","cada mL contém imunoglobulinas que neutralizam, no mínimo, 5 mg de veneno de Bothrops jararaca e 3 mg de veneno de Lachesis muta (5 mg/mL e 3 mg/mL)"
"soro antibotulínico AB (bivalente)","Componente Estratégico","solução injetável","cada mL contém imunoglobulinas que neutralizam, no mínimo, 375 UI de toxina butolínica tipo A e 275 UI de toxina botulínica tipo B (375 UI/mL e 275 UI/mL)"
"soro anticrotálico","Componente Estratégico","solução injetável","cada mL contém imunoglobulinas que neutralizam, no mínimo, 1,5 mg de veneno Crotalus durissus terrifcus (1,5 mg/mL)"
"soro antidiftérico","Componente Estratégico","solução injetável","cada mL contém imunoglobulinas que neutralizam, no mínimo, 1.000 UI de toxina diftérica (1.000 UI/mL)"
"soro antielapídico (bivalente)","Componente Estratégico","solução injetável","cada mL contém imunoglobulinas que neutralizam, no mínimo, 1,5 mg de veneno de Micrurus frontalis (1,5 mg/mL)"
"cada mL contém imunoglobulinas que neutralizam, no mínimo 1,5 DMM (Dose Mínima Mortal) de veneno de Tityus serrulatus (1,5 DMM/mL)","Componente Estratégico","solução injetável",""
"soro antilonômico","Componente Estratégico","solução injetável","cada mL contém imunoglobulinas que neutralizam, no mínimo, 0,35 mg de veneno de Lonomia obliqua (0,35 mg/mL)"
"cada mL contém imunoglobulinas que neutralizam, no mínimo, 15 DMN (Dose Mínima Necrosante) de veneno de aranhas das espécies Loxosceles laeta, Loxosceles gaucho e Loxosceles intermedia (15 DMN/mL)","Componente Estratégico","solução injetável",""
"soro antirrábico","Componente Estratégico","solução injetável","cada mL contém imonoglobulinas que neutralizam, no mínimo, 200 UI de vírus da raiva (200 UI/mL)"
"soro antitetânico","Componente Estratégico","solução injetável","cada mL contém imunoglobulinas que neutralizam, no mínimo, 1.000 UI de toxina tetânica"
"succinato de tafenoquina","Componente Estratégico","comprimido","150 mg"
"sulfadiazina","Componente Estratégico","comprimido","500 mg"
"sulfadiazina","Componente Estratégico","solução oral","20 mg/mL"
"sulfadiazina","Componente Estratégico","comprimido","300 mg"
"sulfato de amicacina","Componente Estratégico","solução injetável","250 mg/mL"
"sulfato de atazanavir","Componente Estratégico","cápsula","300 mg"
"sulfato de estreptomicina","Componente Estratégico","pó para solução injetável","1g"
"sulfato de estreptomicina","Componente Estratégico","cápsula","100 mg"
"sulfato de estreptomicina","Componente Estratégico","pó liofilizado para solução injetável","200 mg"
"talidomida","Componente Estratégico","comprimido","100 mg"
"terizidona","Componente Estratégico","cápsula","250 mg"
"Concentração/ Composição​","Componente Estratégico","cápsula","250 mg"
"Concentração/ Composição​","Componente Estratégico","solução oral","100 mg/mL"
"vacina adsorvida difteria e tétano adulto","Componente Estratégico","",""
"vacina adsorvida difteria e tétano adulto","Componente Estratégico","suspensão injetável",""
"vacina adsorvida difteria e tétano infantil","Componente Estratégico","",""
"vacina adsorvida difteria e tétano infantil","Componente Estratégico","suspensão injetável",""
"vacina adsorvida difteria, tétano e pertussis","Componente Estratégico","",""
"vacina adsorvida difteria, tétano e pertussis","Componente Estratégico","suspensão injetável",""
"vacina adsorvida difteria, tétano e pertussis (acelular) adulto","Componente Estratégico","",""
"vacina adsorvida difteria, tétano e pertussis (acelular) adulto","Componente Estratégico","suspensão injetável",""
"vacina adsorvida difteria, tétano e pertussis (acelular) infantil","Componente Estratégico","",""
"vacina adsorvida difteria, tétano e pertussis (acelular) infantil","Componente Estratégico","suspensão injetável",""
"vacina adsorvida difteria, tétano, pertussis, hepatite B (recombinante) e Haemophilus influenzae B (conjugada)","Componente Estratégico","",""
"vacina adsorvida difteria, tétano, pertussis, hepatite B (recombinante) e Haemophilus influenzae B (conjugada)","Componente Estratégico","suspensão injetável",""
"vacina adsorvida hepatite A (inativada) adulto","Componente Estratégico","",""
"vacina adsorvida hepatite A (inativada) adulto","Componente Estratégico","suspensão injetável",""
"vacina adsorvida hepatite A (inativada) infantil","Componente Estratégico","",""
"vacina adsorvida hepatite A (inativada) infantil","Componente Estratégico","suspensão injetável",""
"vacina BCG","Componente Estratégico","",""
"vacina BCG","Componente Estratégico","pó para suspensão injetável",""
"vacina cólera (inativada)","Componente Estratégico","",""
"vacina febre amarela (atenuada)","Componente Estratégico","",""
"vacina febre amarela (atenuada)","Componente Estratégico","pó para solução injetável",""
"vacina febre tifoide (polissacarídica)","Componente Estratégico","",""
"vacina febre tifoide (polissacarídica)","Componente Estratégico","solução injetável",""
"vacina Haemophilus influenzae B (conjugada)","Componente Estratégico","",""
"vacina Haemophilus influenzae B (conjugada)","Componente Estratégico","pó para solução injetável",""
"vacina hepatite B (recombinante)","Componente Estratégico","",""
"vacina hepatite B (recombinante)","Componente Estratégico","suspensão injetável",""
"vacina influenza trivalente (fragmentada, inativada)","Componente Estratégico","",""
"vacina influenza trivalente (fragmentada, inativada)","Componente Estratégico","suspensão injetável",""
"vacina meningocócica ACWY (conjugada)","Componente Estratégico","",""
"vacina meningocócica ACWY (conjugada)","Componente Estratégico","solução injetável",""
"vacina meningocócica C (conjugada)","Componente Estratégico","",""
"vacina meningocócica C (conjugada)","Componente Estratégico","pó para suspensão injetável",""
"vacina papilomavírus humano 6, 11, 16 e 18 (recombinante)","Componente Estratégico","",""
"vacina papilomavírus humano 6, 11, 16 e 18 (recombinante)","Componente Estratégico","suspensão injetável",""
"vacina pneumocócica 10-valente (conjugada)","Componente Estratégico","",""
"vacina pneumocócica 10-valente (conjugada)","Componente Estratégico","suspensão injetável",""
"vacina pneumocócica 13-valente (conjugada)","Componente Estratégico","",""
"vacina pneumocócica 13-valente (conjugada)","Componente Estratégico","solução injetável",""
"vacina pneumocócica 23-valente (polissacarídica)","Componente Estratégico","",""
"vacina pneumocócica 23-valente (polissacarídica)","Componente Estratégico","solução injetável",""
"vacina poliomielite 1 e 3 (atenuada)","Componente Estratégico","",""
"vacina poliomielite 1, 2 e 3 (inativada)","Componente Estratégico","",""
"vacina poliomielite 1, 2 e 3 (inativada)","Componente Estratégico","solução injetável",""
"vacina raiva (inativada)","Componente Estratégico","",""
"vacina raiva (inativada)","Componente Estratégico","pó para suspensão injetável",""
"vacina rotavírus humano G1P [8] (atenuada)","Componente Estratégico","",""
"vacina rotavírus humano G1P [8] (atenuada)","Componente Estratégico","suspensão oral",""
"vacina sarampo, caxumba, rubéola","Componente Estratégico","",""
"vacina sarampo, caxumba, rubéola","Componente Estratégico","pó para solução injetável",""
"vacina sarampo, caxumba, rubéola e varicela (atenuada)","Componente Estratégico","",""
"vacina sarampo, caxumba, rubéola e varicela (atenuada)","Componente Estratégico","pó para solução injetável",""
"vacina varicela (atenuada)","Componente Estratégico","",""
"vacina varicela (atenuada)","Componente Estratégico","pó para solução injetável",""
"zidovudina + lamivudina","Componente Estratégico","comprimido","200 mg"
"zidovudina + lamivudina","Componente Estratégico","pó liofilizado para solução injetável","200 mg"
"zidovudina + lamivudina","Componente Estratégico","pó para inalação oral","5 mg"
"zidovudina + lamivudina","Componente Estratégico","cápsula","100 mg"
"zidovudina + lamivudina","Componente Estratégico","solução injetável","10 mg/mL"
"zidovudina + lamivudina","Componente Estratégico","xarope","10 mg/mL"
"zidovudina + lamivudina","Componente Estratégico","comprimido","300 mg + 150 mg"
"Grupo de financiamento","Componente Especializado","pó para solução para infusão","250 mg"
"Grupo de financiamento","Componente Especializado","","1A"
"PCDT Artrite Reumatoide PCDT Artrite Idiopática Juvenil","Componente Especializado","solução injetável","125 mg/mL"
"PCDT Artrite Reumatoide PCDT Artrite Idiopática Juvenil","Componente Especializado","","1A"
"PCDT Artrite Reumatoide","Componente Especializado","comprimido","50 mg"
"PCDT Artrite Reumatoide","Componente Especializado","","1B"
"PCDT Puberdade Precoce Central PCDT Síndrome de Ovários Policísticos","Componente Especializado","solução spray nasal","0,1 mg/mL"
"PCDT Puberdade Precoce Central PCDT Síndrome de Ovários Policísticos","Componente Especializado","","1A"
"PCDT Diabetes Insipidus","Componente Especializado","comprimido","0,1 mg"
"PCDT Diabetes Insipidus","Componente Especializado","","1A"
"PCDT Diabetes Insipidus","Componente Especializado","comprimido","0,2 mg"
"PCDT Diabetes Insipidus","Componente Especializado","","1A"
"acetato de fludrocortisona","Componente Especializado","comprimido","0,1 mg"
"acetato de fludrocortisona","Componente Especializado","","2"
"PCDT Hiperplasia Adrenal Congênita PCDT Insuficiência Adrenal","Componente Especializado","solução injetável","20 mg"
"PCDT Hiperplasia Adrenal Congênita PCDT Insuficiência Adrenal","Componente Especializado","","1A"
"PCDT Esclerose Múltipla","Componente Especializado","solução injetável","40 mg"
"PCDT Esclerose Múltipla","Componente Especializado","","1A"
"PCDT Esclerose Múltipla","Componente Especializado","","1B"
"acetato de glatirâmer","Componente Especializado","implante","3,6 mg"
"Documento norteador1","Componente Especializado","implante","10,8 mg"
"Documento norteador1","Componente Especializado","","1B"
"PCDT Endometriose PCDT Leiomioma de Útero PCDT Puberdade Precoce Central","Componente Especializado","solução injetável de liberação prolongada","60 mg"
"PCDT Endometriose PCDT Leiomioma de Útero PCDT Puberdade Precoce Central","Componente Especializado","","1A"
"Grupo de financiamento","Componente Especializado","solução injetável de liberação prolongada","90 mg"
"Grupo de financiamento","Componente Especializado","","1A"
"PCDT Acromegalia","Componente Especializado","solução injetável de liberação prolongada","120 mg"
"PCDT Acromegalia","Componente Especializado","","1A"
"PCDT Acromegalia","Componente Especializado","pó para suspensão injetável de liberação prolongada","3,75 mg"
"PCDT Acromegalia","Componente Especializado","","1B"
"PCDT Endometriose PCDT Leiomioma de Útero PCDT Puberdade Precoce Central","Componente Especializado","pó para suspensão injetável","11,25 mg"
"PCDT Endometriose PCDT Leiomioma de Útero PCDT Puberdade Precoce Central","Componente Especializado","","1B"
"PCDT Endometriose PCDT Leiomioma de Útero PCDT Puberdade Precoce Central","Componente Especializado","pó para suspensão injetável de liberação prolongada","45 mg"
"PCDT Endometriose PCDT Leiomioma de Útero PCDT Puberdade Precoce Central","Componente Especializado","","1B"
"Grupo de financiamento","Componente Especializado","solução injetável","0,1 mg/mL"
"Grupo de financiamento","Componente Especializado","","1B"
"PCDT Acromegalia","Componente Especializado","pó para suspensão injetável","10 mg"
"PCDT Acromegalia","Componente Especializado","","1B"
"PCDT Acromegalia","Componente Especializado","pó para suspensão injetável","20 mg"
"PCDT Acromegalia","Componente Especializado","","1A"
"PCDT Acromegalia","Componente Especializado","pó para suspensão injetável","30 mg"
"PCDT Acromegalia","Componente Especializado","","1A"
"PCDT Acromegalia","Componente Especializado","comprimido","250 mg"
"PCDT Acromegalia","Componente Especializado","","2"
"PCDT Glaucoma","Componente Especializado","comprimido de liberação prolongada","500 mg"
"PCDT Glaucoma","Componente Especializado","","2"
"PCDT Dislipidemia: prevenção de eventos cardiovasculares e pancreatite","Componente Especializado","comprimido","50 mg"
"PCDT Dislipidemia: prevenção de eventos cardiovasculares e pancreatite","Componente Especializado","","1B"
"PCDT Colangite Biliar Primária","Componente Especializado","comprimido","150 mg"
"PCDT Colangite Biliar Primária","Componente Especializado","","1B"
"PCDT Colangite Biliar Primária","Componente Especializado","comprimido","300 mg"
"PCDT Colangite Biliar Primária","Componente Especializado","","1B"
"ácido zoledrônico","Componente Especializado","solução para infusão","0,05 mg/mL"
"ácido zoledrônico","Componente Especializado","","2"
"PCDT Doença de Paget PCDT Osteoporose","Componente Especializado","cápsula","10 mg"
"PCDT Doença de Paget PCDT Osteoporose","Componente Especializado","","1B"
"PCDT Ictioses Hereditárias PCDT Psoríase","Componente Especializado","cápsula","25 mg"
"PCDT Ictioses Hereditárias PCDT Psoríase","Componente Especializado","","1B"
"Documento norteador1","Componente Especializado","solução injetável","40 mg"
"Documento norteador1","Componente Especializado","","1A"
"alentuzumabe","Componente Especializado","solução para diluição para infusão","10 mg/mL"
"alentuzumabe","Componente Especializado","","1A"
"alfa-agalsidase","Componente Especializado","solução injetável","1 mg/mL"
"alfa-agalsidase","Componente Especializado","","1A"
"alfa-alglicosidade","Componente Especializado","pó para solução injetável","50 mg"
"alfa-alglicosidade","Componente Especializado","","1A"
"alfacerliponase","Componente Especializado","solução para infusão","30 mg/mL"
"alfacerliponase","Componente Especializado","","1A"
"alfadornase","Componente Especializado","solução inalatória","1 mg/mL"
"alfadornase","Componente Especializado","","1A"
"alfaelosulfase","Componente Especializado","solução injetável","5 mg"
"alfaelosulfase","Componente Especializado","","1A"
"PCDT Mucopolissacaridose Tipo IV A","Componente Especializado","solução injetável","1.000 UI"
"PCDT Mucopolissacaridose Tipo IV A","Componente Especializado","","1A"
"PCDT Anemia na Doença Renal Crônica PCDT Doença Falciforme","Componente Especializado","pó para solução injetável","1.000 UI"
"PCDT Anemia na Doença Renal Crônica PCDT Doença Falciforme","Componente Especializado","","1A"
"PCDT Anemia na Doença Renal Crônica PCDT Doença Falciforme","Componente Especializado","solução injetável","2.000 UI"
"PCDT Anemia na Doença Renal Crônica PCDT Doença Falciforme","Componente Especializado","","1A"
"PCDT Anemia na Doença Renal Crônica PCDT Doença Falciforme","Componente Especializado","pó para solução injetável","2.000 UI"
"PCDT Anemia na Doença Renal Crônica PCDT Doença Falciforme","Componente Especializado","","1A"
"Grupo de financiamento","Componente Especializado","solução injetável","3.000 UI"
"Grupo de financiamento","Componente Especializado","","1A"
"PCDT Anemia na Doença Renal Crônica PCDT Doença Falciforme","Componente Especializado","pó para solução injetável","3.000 UI"
"PCDT Anemia na Doença Renal Crônica PCDT Doença Falciforme","Componente Especializado","","1A"
"PCDT Anemia na Doença Renal Crônica PCDT Doença Falciforme","Componente Especializado","pó para solução injetável","4.000 UI"
"PCDT Anemia na Doença Renal Crônica PCDT Doença Falciforme","Componente Especializado","","1A"
"PCDT Anemia na Doença Renal Crônica PCDT Doença Falciforme","Componente Especializado","solução injetável","4.000 UI"
"PCDT Anemia na Doença Renal Crônica PCDT Doença Falciforme","Componente Especializado","","1A"
"PCDT Anemia na Doença Renal Crônica PCDT Doença Falciforme","Componente Especializado","solução injetável","10.000 UI"
"PCDT Anemia na Doença Renal Crônica PCDT Doença Falciforme","Componente Especializado","","1A"
"PCDT Anemia na Doença Renal Crônica PCDT Doença Falciforme PCDT Síndrome Mielodisplásica de baixo risco","Componente Especializado","pó para solução injetável","10.000 UI"
"PCDT Anemia na Doença Renal Crônica PCDT Doença Falciforme PCDT Síndrome Mielodisplásica de baixo risco","Componente Especializado","","1A"
"Grupo de financiamento","Componente Especializado","pó para solução injetável","3.000.000 UI"
"Grupo de financiamento","Componente Especializado","","1B"
"PCDT Hemangioma Infantil","Componente Especializado","pó para solução injetável","5.000.000 UI"
"PCDT Hemangioma Infantil","Componente Especializado","","1B"
"PCDT Hemangioma Infantil","Componente Especializado","pó para solução injetável","10.000.000 UI"
"PCDT Hemangioma Infantil","Componente Especializado","","1B"
"PCDT Hemangioma Infantil","Componente Especializado","pó para solução injetável","200 U"
"PCDT Hemangioma Infantil","Componente Especializado","","1A"
"PCDT Doença de Gaucher","Componente Especializado","pó para solução injetável","400 U"
"PCDT Doença de Gaucher","Componente Especializado","","1A"
"alfavestronidase","Componente Especializado","solução injetável","2 mg/mL"
"alfavestronidase","Componente Especializado","","1A"
"PCDT Mucopolissacaridose VII","Componente Especializado","comprimido","5 mg"
"PCDT Mucopolissacaridose VII","Componente Especializado","","1B"
"PCDT Hipertensão Pulmonar","Componente Especializado","comprimido","10 mg"
"PCDT Hipertensão Pulmonar","Componente Especializado","","1B"
"PCDT Hipertensão Pulmonar","Componente Especializado","comprimido","10 mg"
"PCDT Hipertensão Pulmonar","Componente Especializado","","2"
"PCDT Dislipidemia: prevenção de eventos cardiovasculares e pancreatite","Componente Especializado","comprimido","20 mg"
"PCDT Dislipidemia: prevenção de eventos cardiovasculares e pancreatite","Componente Especializado","","2"
"PCDT Dislipidemia: prevenção de eventos cardiovasculares e pancreatite","Componente Especializado","comprimido","40 mg"
"PCDT Dislipidemia: prevenção de eventos cardiovasculares e pancreatite","Componente Especializado","","2"
"PCDT Dislipidemia: prevenção de eventos cardiovasculares e pancreatite","Componente Especializado","comprimido","80 mg"
"PCDT Dislipidemia: prevenção de eventos cardiovasculares e pancreatite","Componente Especializado","","2"
"Documento norteador1","Componente Especializado","comprimido","50 mg"
"Documento norteador1","Componente Especializado","","2"
"PCDT Artrite Reumatoide PCDT Dermatomiosite e Polimiosite PCDT Doença de Crohn PCDT Esclerose Múltipla PDCT Esclerose Sistêmica PCDT Hepatite Autoimune PCDT Imunossupressão no Transplante Cardíaco PCDT Imunossupressão no Transplante Hepático em Adultos PCDT Imunossupressão no Transplante Hepático em Pediatria PCDT Imunossupressão em Transplante Renal PCDT Lúpus Eritematoso Sistêmico PCDT Miastenia Gravis PCDT Púrpura Trombocitopênica Idiopática PCDT Retocolite Ulcerativa PCDT Uveítes não Infecciosas","Componente Especializado","comprimido","2 mg"
"PCDT Artrite Reumatoide PCDT Dermatomiosite e Polimiosite PCDT Doença de Crohn PCDT Esclerose Múltipla PDCT Esclerose Sistêmica PCDT Hepatite Autoimune PCDT Imunossupressão no Transplante Cardíaco PCDT Imunossupressão no Transplante Hepático em Adultos PCDT Imunossupressão no Transplante Hepático em Pediatria PCDT Imunossupressão em Transplante Renal PCDT Lúpus Eritematoso Sistêmico PCDT Miastenia Gravis PCDT Púrpura Trombocitopênica Idiopática PCDT Retocolite Ulcerativa PCDT Uveítes não Infecciosas","Componente Especializado","","1A"
"PCDT Artrite Reumatoide","Componente Especializado","comprimido","4 mg"
"PCDT Artrite Reumatoide","Componente Especializado","","1A"
"Grupo de financiamento","Componente Especializado","pó para solução injetável","35 mg"
"Grupo de financiamento","Componente Especializado","","1A"
"PCDT Doença de Fabry","Componente Especializado","solução injetável","22 mcg (6.000.000 UI)"
"PCDT Doença de Fabry","Componente Especializado","","1A"
"PCDT Esclerose Múltipla","Componente Especializado","solução injetável","30 mcg (6.000.000 UI)"
"PCDT Esclerose Múltipla","Componente Especializado","","1A"
"PCDT Esclerose Múltipla","Componente Especializado","solução injetável","44 mcg (12.000.000 UI)"
"PCDT Esclerose Múltipla","Componente Especializado","","1A"
"PCDT Esclerose Múltipla","Componente Especializado","pó para solução injetável","300 mcg (9.600.000 UI)"
"PCDT Esclerose Múltipla","Componente Especializado","","1A"
"PCDT Esclerose Múltipla","Componente Especializado","comprimido","200 mg"
"PCDT Esclerose Múltipla","Componente Especializado","","2"
"PCDT Dislipidemia: prevenção de eventos cardiovasculares e pancreatite","Componente Especializado","comprimido de liberação prolongada","400 mg"
"PCDT Dislipidemia: prevenção de eventos cardiovasculares e pancreatite","Componente Especializado","","2"
"bimatoprosta","Componente Especializado","solução oftálmica","0,3 mg/mL (0,03%)"
"bimatoprosta","Componente Especializado","","1A"
"biotina","Componente Especializado","cápsula","2,5 mg"
"biotina","Componente Especializado","","1A"
"bissulfato de clopidogrel","Componente Especializado","comprimido","75 mg"
"bissulfato de clopidogrel","Componente Especializado","","2"
"Protocolo de Síndromes Coronarianas Agudas","Componente Especializado","comprimido","62,5 mg"
"Protocolo de Síndromes Coronarianas Agudas","Componente Especializado","","1B"
"PCDT Hipertensão Pulmonar","Componente Especializado","comprimido","125 mg"
"PCDT Hipertensão Pulmonar","Componente Especializado","","1B"
"brinzolamida","Componente Especializado","suspensão oftálmica","10 mg/mL (1%)"
"brinzolamida","Componente Especializado","","2"
"brometo de piridostigmina","Componente Especializado","comprimido","60 mg"
"brometo de piridostigmina","Componente Especializado","","2"
"brometo de tiotrópio monoidratado + cloridrato de olodaterol","Componente Especializado","solução inalatória","2,5 mcg + 2,5 mcg"
"brometo de tiotrópio monoidratado + cloridrato de olodaterol","Componente Especializado","","1B"
"brometo de umeclidínio + trifenatato de vilanterol","Componente Especializado","pó inalatório","62,5 mcg + 25 mcg"
"brometo de umeclidínio + trifenatato de vilanterol","Componente Especializado","","1B"
"PCDT Doença Pulmonar Obstrutiva Crônica (DPOC)","Componente Especializado","solução aerossol","100 mcg/dose"
"PCDT Doença Pulmonar Obstrutiva Crônica (DPOC)","Componente Especializado","","2"
"PCDT Asma PCDT Doença Pulmonar Obstrutiva Crônica (DPOC)","Componente Especializado","cápsula de liberação prolongada","8 mg"
"PCDT Asma PCDT Doença Pulmonar Obstrutiva Crônica (DPOC)","Componente Especializado","","1A"
"PCDT Doença de Alzheimer","Componente Especializado","cápsula de liberação prolongada","16 mg"
"PCDT Doença de Alzheimer","Componente Especializado","","1A"
"PCDT Doença de Alzheimer","Componente Especializado","cápsula de liberação prolongada","24 mg"
"PCDT Doença de Alzheimer","Componente Especializado","","1A"
"PCDT Doença de Alzheimer","Componente Especializado","","2"
"budesonida","Componente Especializado","aerossol oral","200 mcg"
"Concentração/ Composição","Componente Especializado","cápsula inalatória","200 mcg"
"Grupo de financiamento","Componente Especializado","","2"
"PCDT Asma PCDT Doença Pulmonar Obstrutiva Crônica (DPOC)","Componente Especializado","","2"
"PCDT Asma PCDT Doença Pulmonar Obstrutiva Crônica (DPOC)","Componente Especializado","pó inalatório","200 mcg"
"PCDT Asma PCDT Doença Pulmonar Obstrutiva Crônica (DPOC)","Componente Especializado","cápsula inalatória","400 mcg"
"PCDT Asma PCDT Doença Pulmonar Obstrutiva Crônica (DPOC)","Componente Especializado","","2"
"PCDT Asma PCDT Doença Pulmonar Obstrutiva Crônica (DPOC)","Componente Especializado","solução injetável","10 mg/mL"
"PCDT Asma PCDT Doença Pulmonar Obstrutiva Crônica (DPOC)","Componente Especializado","","1A"
"PCDT Raquitismo e Osteomalácia","Componente Especializado","solução injetável","20 mg/mL"
"PCDT Raquitismo e Osteomalácia","Componente Especializado","","1A"
"PCDT Raquitismo e Osteomalácia","Componente Especializado","solução injetável","30 mg/mL"
"PCDT Raquitismo e Osteomalácia","Componente Especializado","","1A"
"PCDT Raquitismo e Osteomalácia","Componente Especializado","comprimido","0,5 mg"
"PCDT Raquitismo e Osteomalácia","Componente Especializado","","1A"
"calcipotriol","Componente Especializado","pomada","50 mcg/g (0,005%)"
"calcipotriol","Componente Especializado","","2"
"calcitonina","Componente Especializado","solução nasal","200 UI/dose"
"calcitonina","Componente Especializado","","2"
"PCDT Doença de Paget PCDT Osteoporose","Componente Especializado","","2"
"PCDT Distúrbio Mineral Ósseo na Doença Renal Crônica PCDT Hipoparatireoidismo PCDT Osteoporose PCDT Raquitismo e Osteomalácia","Componente Especializado","","1A"
"PCDT Artrite Psoríaca PCDT Artrite Reumatoide PCDT Doença de Crohn PCDT Espondilite Ancilosante","Componente Especializado","","2"
"ciclofosfamida","Componente Especializado","","0,25 mcg"
"ciclofosfamida","Componente Especializado","","200 mg"
"ciclofosfamida","Componente Especializado","cápsula","50 mg"
"ciclofosfamida","Componente Especializado","solução injetável",""
"ciclofosfamida","Componente Especializado","comprimido de liberação retardada",""
"Concentração/ Composição","Componente Especializado","","10 mg"
"Concentração/ Composição","Componente Especializado","cápsula",""
"Grupo de financiamento","Componente Especializado","","2"
"Concentração/ Composição","Componente Especializado","","25 mg"
"Concentração/ Composição","Componente Especializado","cápsula",""
"Grupo de financiamento","Componente Especializado","","2"
"Concentração/ Composição","Componente Especializado","","100 mg"
"Concentração/ Composição","Componente Especializado","cápsula",""
"Grupo de financiamento","Componente Especializado","","2"
"Concentração/ Composição","Componente Especializado","","50 mg"
"Concentração/ Composição","Componente Especializado","cápsula",""
"Grupo de financiamento","Componente Especializado","","2"
"Concentração/ Composição","Componente Especializado","","100 mg/mL"
"Concentração/ Composição","Componente Especializado","solução oral",""
"Grupo de financiamento","Componente Especializado","","2"
"ciprofibrato","Componente Especializado","comprimido","100 mg"
"ciprofibrato","Componente Especializado","","2"
"PCDT Dislipidemia: prevenção de eventos cardiovasculares e pancreatite","Componente Especializado","comprimido","20 mg"
"PCDT Dislipidemia: prevenção de eventos cardiovasculares e pancreatite","Componente Especializado","","1A"
"PCDT Hipertensão Pulmonar","Componente Especializado","comprimido","25 mg"
"PCDT Hipertensão Pulmonar","Componente Especializado","","1A"
"PCDT Esclerose Sistêmica","Componente Especializado","comprimido","50 mg"
"PCDT Esclerose Sistêmica","Componente Especializado","","1A"
"PCDT Esclerose Sistêmica","Componente Especializado","comprimido","10 mg"
"PCDT Esclerose Sistêmica","Componente Especializado","","1A"
"PCDT Esclerose Múltipla","Componente Especializado","comprimido","10 mg"
"PCDT Esclerose Múltipla","Componente Especializado","","2"
"PCDT Epilepsia","Componente Especializado","comprimido","20 mg"
"PCDT Epilepsia","Componente Especializado","","2"
"PCDT Epilepsia","Componente Especializado","comprimido","100 mg"
"PCDT Epilepsia","Componente Especializado","","1B"
"PCDT Doença de Parkinson","Componente Especializado","comprimido","60 mg"
"PCDT Doença de Parkinson","Componente Especializado","","1A"
"PCDT Distúrbio Mineral Ósseo na Doença Renal Crônica","Componente Especializado","comprimido","30 mg"
"PCDT Distúrbio Mineral Ósseo na Doença Renal Crônica","Componente Especializado","","1A"
"Grupo de financiamento","Componente Especializado","comprimido","5 mg"
"Grupo de financiamento","Componente Especializado","","1A"
"PCDT Doença de Alzheimer","Componente Especializado","comprimido","10 mg"
"PCDT Doença de Alzheimer","Componente Especializado","","1A"
"cloridrato de dorzolamida","Componente Especializado","solução oftálmica","20 mg/mL"
"cloridrato de dorzolamida","Componente Especializado","","2"
"cloridrato de fingolimode","Componente Especializado","cápsula","0,5 mg"
"cloridrato de fingolimode","Componente Especializado","","1A"
"cloridrato de memantina","Componente Especializado","comprimido","10 mg"
"cloridrato de memantina","Componente Especializado","","1A"
"PCDT Doença de Alzheimer","Componente Especializado","comprimido","5 mg"
"PCDT Doença de Alzheimer","Componente Especializado","","2"
"PCDT Dor Crônica","Componente Especializado","comprimido","10 mg"
"PCDT Dor Crônica","Componente Especializado","","2"
"PCDT Dor Crônica","Componente Especializado","solução injetável","10 mg/mL"
"PCDT Dor Crônica","Componente Especializado","","2"
"cloridrato de pilocarpina","Componente Especializado","solução oftálmica","20 mg/mL (2%)"
"cloridrato de pilocarpina","Componente Especializado","","2"
"cloridrato de raloxifeno","Componente Especializado","comprimido","60 mg"
"cloridrato de raloxifeno","Componente Especializado","","2"
"cloridrato de selegilina","Componente Especializado","comprimido","5 mg"
"cloridrato de selegilina","Componente Especializado","","1B"
"cloridrato de sevelâmer","Componente Especializado","comprimido","800 mg"
"cloridrato de sevelâmer","Componente Especializado","","1A"
"cloridrato de triexifenidil","Componente Especializado","comprimido","5 mg"
"cloridrato de triexifenidil","Componente Especializado","","1B"
"PCDT Doença de Parkinson","Componente Especializado","cápsula","40 mg"
"PCDT Doença de Parkinson","Componente Especializado","","1A"
"PCDT Esquizofrenia PCDT Transtorno Esquizoafetivo","Componente Especializado","cápsula","80 mg"
"PCDT Esquizofrenia PCDT Transtorno Esquizoafetivo","Componente Especializado","","1A"
"PCDT Esquizofrenia PCDT Transtorno Esquizoafetivo","Componente Especializado","","1A"
"PCDT Doença de Parkinson PCDT Esquizofrenia PCDT Transtorno Afetivo Bipolar do tipo I PCDT Transtorno Esquizoafetivo","Componente Especializado","","1A"
"cloridrato de ziprasidona","Componente Especializado","comprimido","25 mg"
"cloridrato de ziprasidona","Componente Especializado","comprimido","clozapina 100 mg"
"Grupo de financiamento","Componente Especializado","pó para solução para infusão ou inalação","80 mg (1.000.000 UI)"
"Grupo de financiamento","Componente Especializado","","1A"
"PCDT Fibrose Cística","Componente Especializado","pó para solução para infusão ou inalação","160 mg (2.000.000 UI)"
"PCDT Fibrose Cística","Componente Especializado","","1A"
"PCDT Fibrose Cística","Componente Especializado","pó",""
"PCDT Fibrose Cística","Componente Especializado","","2"
"complemento alimentar para paciente fenilcetonúrico maior de 1 ano (fórmula de aminoácidos isenta de fenilalanina)","Componente Especializado","",""
"complemento alimentar para paciente fenilcetonúrico menor de 1 ano (fórmula de aminoácidos isenta de fenilalanina)","Componente Especializado","",""
"danazol","Componente Especializado","","100 mg"
"danazol","Componente Especializado","","200 mg"
"Grupo de financiamento","Componente Especializado","pó",""
"Grupo de financiamento","Componente Especializado","","2"
"PCDT Fenilcetonúria","Componente Especializado","","1B"
"PCDT Angioedema associado à deficiência de C1 esterase PCDT Endometriose PCDT Lúpus Eritematoso Sistêmico PCDT Púrpura Trombocitopênica Idiopática","Componente Especializado","","1B"
"PCDT Angioedema associado à deficiência de C1 esterase PCDT Endometriose PCDT Lúpus Eritematoso Sistêmico PCDT Púrpura Trombocitopênica Idiopática","Componente Especializado","cápsula",""
"PCDT Angioedema associado à deficiência de C1 esterase PCDT Endometriose PCDT Lúpus Eritematoso Sistêmico PCDT Púrpura Trombocitopênica Idiopática","Componente Especializado","cápsula",""
"Documento norteador1","Componente Especializado","comprimido","10 mg"
"Documento norteador1","Componente Especializado","","2"
"PCDT Diabetes Mellitus tipo 2 PCDT Insuficiência Cardíaca com Fração de Ejeção Reduzida PCDT Estratégias para atenuar a progressão da Doença Renal Crônica","Componente Especializado","comprimido para suspensão","125 mg"
"PCDT Diabetes Mellitus tipo 2 PCDT Insuficiência Cardíaca com Fração de Ejeção Reduzida PCDT Estratégias para atenuar a progressão da Doença Renal Crônica","Componente Especializado","","1A"
"PCDT Sobrecarga de Ferro","Componente Especializado","comprimido para suspensão","250 mg"
"PCDT Sobrecarga de Ferro","Componente Especializado","","1A"
"PCDT Sobrecarga de Ferro","Componente Especializado","comprimido para suspensão","500 mg"
"PCDT Sobrecarga de Ferro","Componente Especializado","","1A"
"PCDT Sobrecarga de Ferro","Componente Especializado","comprimido","500 mg"
"PCDT Sobrecarga de Ferro","Componente Especializado","","1B"
"PCDT Sobrecarga de Ferro","Componente Especializado","comprimido","0,125 mg"
"PCDT Sobrecarga de Ferro","Componente Especializado","","1A"
"PCDT Doença de Parkinson","Componente Especializado","comprimido","0,25 mg"
"PCDT Doença de Parkinson","Componente Especializado","","1A"
"PCDT Doença de Parkinson","Componente Especializado","comprimido","1 mg"
"PCDT Doença de Parkinson","Componente Especializado","","1A"
"dicloridrato de sapropterina","Componente Especializado","comprimido solúvel","100 mg"
"dicloridrato de sapropterina","Componente Especializado","","1B"
"dicloridrato de trientina","Componente Especializado","cápsula","250 mg"
"dicloridrato de trientina","Componente Especializado","","1A"
"difosfato de cloroquina","Componente Especializado","comprimido","150 mg"
"difosfato de cloroquina","Componente Especializado","","2"
"PCDT Artrite Reumatoide PCDT Lúpus Eritematoso Sistêmico","Componente Especializado","solução para diluição para infusão","10 mg/mL"
"PCDT Artrite Reumatoide PCDT Lúpus Eritematoso Sistêmico","Componente Especializado","","1A"
"PCDT Hemoglobinúria Paroxística Noturna","Componente Especializado","comprimido","50 mg/25 mg/37,5 mg + 75 mg"
"PCDT Hemoglobinúria Paroxística Noturna","Componente Especializado","","1A"
"PCDT Fibrose Cística","Componente Especializado","comprimido","100 mg/50 mg/75 mg + 150 mg"
"PCDT Fibrose Cística","Componente Especializado","","1A"
"PCDT Fibrose Cística","Componente Especializado","comprimido","25 mg"
"PCDT Fibrose Cística","Componente Especializado","","1B"
"PCDT Púrpura Trombocitopênica Idiopática PCDT Síndrome de Falência Medular","Componente Especializado","comprimido","50 mg"
"PCDT Púrpura Trombocitopênica Idiopática PCDT Síndrome de Falência Medular","Componente Especializado","","1B"
"Concentração/ Composição","Componente Especializado","pó para suspensão injetável de liberação prolongada","11,25 mg"
"Concentração/ Composição","Componente Especializado","","1B"
"PCDT Endometriose PCDT Leiomioma de Útero PCDT Puberdade Precoce Central","Componente Especializado","pó para suspensão injetável de liberação prolongada","22,5 mg"
"PCDT Endometriose PCDT Leiomioma de Útero PCDT Puberdade Precoce Central","Componente Especializado","","1B"
"PCDT Puberdade Precoce Central","Componente Especializado","solução injetável","40 mg/0,4 mL"
"PCDT Puberdade Precoce Central","Componente Especializado","","1A"
"PCDT Prevenção de Tromboembolismo Venoso em Gestantes com Trombofilia","Componente Especializado","solução injetável","60 mg/0,6 mL"
"PCDT Prevenção de Tromboembolismo Venoso em Gestantes com Trombofilia","Componente Especializado","","1A"
"PCDT Prevenção de Tromboembolismo Venoso em Gestantes com Trombofilia","Componente Especializado","comprimido","200 mg"
"PCDT Prevenção de Tromboembolismo Venoso em Gestantes com Trombofilia","Componente Especializado","","1A"
"PCDT Doença de Parkinson","Componente Especializado","","1A"
"etanercepte","Componente Especializado","solução injetável","25 mg"
"etanercepte","Componente Especializado","solução injetável","50 mg"
"etanercepte","Componente Especializado","","1A"
"etofibrato","Componente Especializado","cápsula","500 mg"
"etofibrato","Componente Especializado","","2"
"etossuximida","Componente Especializado","xarope","50 mg/mL"
"etossuximida","Componente Especializado","","2"
"PCDT Epilepsia","Componente Especializado","","1A"
"PCDT Imunossupressão no Transplante Cardíaco PCDT Imunossupressão no Transplante Hepático em Adultos PCDT Imunossupressão no Transplante Hepático em Pediatria PCDT Imunossupressão em Transplante Renal","Componente Especializado","","1A"
"everolimo","Componente Especializado","","0,5 mg"
"everolimo","Componente Especializado","comprimido","0,75 mg"
"everolimo","Componente Especializado","comprimido",""
"Documento norteador1","Componente Especializado","comprimido","1 mg"
"Documento norteador1","Componente Especializado","","1A"
"PCDT Imunossupressão no Transplante Cardíaco PCDT Imunossupressão no Transplante Hepático em Adultos PCDT Imunossupressão no Transplante Hepático em Pediatria PCDT Imunossupressão em Transplante Renal","Componente Especializado","cápsula","200 mg"
"PCDT Imunossupressão no Transplante Cardíaco PCDT Imunossupressão no Transplante Hepático em Adultos PCDT Imunossupressão no Transplante Hepático em Pediatria PCDT Imunossupressão em Transplante Renal","Componente Especializado","","2"
"PCDT Dislipidemia: prevenção de eventos cardiovasculares e pancreatite","Componente Especializado","cápsula de liberação retardada","250 mg"
"PCDT Dislipidemia: prevenção de eventos cardiovasculares e pancreatite","Componente Especializado","","2"
"PCDT Dislipidemia: prevenção de eventos cardiovasculares e pancreatite","Componente Especializado","solução injetável","300 mcg"
"PCDT Dislipidemia: prevenção de eventos cardiovasculares e pancreatite","Componente Especializado","","1A"
"PCDT Síndrome de Falência Medular","Componente Especializado","solução oral","3 mg/mL"
"PCDT Síndrome de Falência Medular","Componente Especializado","","2"
"PCDT Dor Crônica","Componente Especializado","comprimido","30 mg"
"PCDT Dor Crônica","Componente Especializado","","2"
"PCDT Dor Crônica","Componente Especializado","comprimido","60 mg"
"PCDT Dor Crônica","Componente Especializado","","2"
"PCDT Dor Crônica","Componente Especializado","solução injetável","30 mg/mL"
"PCDT Dor Crônica","Componente Especializado","","2"
"Grupo de financiamento","Componente Especializado","cápsula de liberação retardada","120 mg"
"Grupo de financiamento","Componente Especializado","","1A"
"PCDT Esclerose Múltipla","Componente Especializado","cápsula de liberação retardada","240 mg"
"PCDT Esclerose Múltipla","Componente Especializado","","1A"
"PCDT Esclerose Múltipla","Componente Especializado","cápsula inalatória","12 mcg"
"PCDT Esclerose Múltipla","Componente Especializado","","2"
"PCDT Asma PCDT Doença Pulmonar Obstrutiva Crônica (DPOC)","Componente Especializado","","2"
"PCDT Asma PCDT Doença Pulmonar Obstrutiva Crônica (DPOC)","Componente Especializado","","2"
"PCDT Asma PCDT Doença Pulmonar Obstrutiva Crônica (DPOC)","Componente Especializado","","2"
"fumarato de formoterol + budesonida","Componente Especializado","pó inalatório","12mcg"
"fumarato de formoterol + budesonida","Componente Especializado","cápsula inalatória","6 mcg + 200 mcg"
"fumarato de formoterol + budesonida","Componente Especializado","pó inalatório","6 mcg + 200 mcg"
"Concentração/ Composição","Componente Especializado","cápsula inalatória","12 mcg + 400 mcg"
"Grupo de financiamento","Componente Especializado","","2"
"PCDT Asma PCDT Doença Pulmonar Obstrutiva Crônica (DPOC)","Componente Especializado","pó inalatório","12 mcg + 400 mcg"
"PCDT Asma PCDT Doença Pulmonar Obstrutiva Crônica (DPOC)","Componente Especializado","","2"
"PCDT Asma PCDT Doença Pulmonar Obstrutiva Crônica (DPOC)","Componente Especializado","cápsula","300 mg"
"PCDT Asma PCDT Doença Pulmonar Obstrutiva Crônica (DPOC)","Componente Especializado","","2"
"PCDT Dor Crônica PCDT Epilepsia","Componente Especializado","cápsula","400 mg"
"PCDT Dor Crônica PCDT Epilepsia","Componente Especializado","","2"
"PCDT Dor Crônica PCDT Epilepsia","Componente Especializado","solução injetável","5 mg"
"PCDT Dor Crônica PCDT Epilepsia","Componente Especializado","","1A"
"PCDT Mucopolissacaridose Tipo VI","Componente Especializado","comprimido","600 mg"
"PCDT Mucopolissacaridose Tipo VI","Componente Especializado","","2"
"PCDT Dislipidemia: prevenção de eventos cardiovasculares e pancreatite","Componente Especializado","comprimido","900 mg"
"PCDT Dislipidemia: prevenção de eventos cardiovasculares e pancreatite","Componente Especializado","","2"
"Concentração/ Composição","Componente Especializado","solução injetável","50 mg"
"Concentração/ Composição","Componente Especializado","","25 mg"
"Concentração/ Composição","Componente Especializado","comprimido","100 mg"
"Concentração/ Composição","Componente Especializado","comprimido",""
"Grupo de financiamento","Componente Especializado","","1A"
"PCDT Artrite Psoríaca PCDT Artrite Reumatoide PCDT Espondilite Ancilosante","Componente Especializado","","1A"
"PCDT Esquizofrenia PCDT Transtorno Afetivo Bipolar do tipo I PCDT Transtorno Esquizoafetivo","Componente Especializado","","1A"
"PCDT Esquizofrenia PCDT Transtorno Afetivo Bipolar do tipo I PCDT Transtorno Esquizoafetivo","Componente Especializado","","1A"
"PCDT Esquizofrenia PCDT Transtorno Afetivo Bipolar do tipo I PCDT Transtorno Esquizoafetivo","Componente Especializado","","hemifumarato de quetiapina 200 mg"
"hidroxiureia","Componente Especializado","comprimido",""
"Documento norteador1","Componente Especializado","comprimido","300 mg"
"Documento norteador1","Componente Especializado","","1A"
"PCDT Esquizofrenia PCDT Transtorno Afetivo Bipolar do tipo I PCDT Transtorno Esquizoafetivo","Componente Especializado","comprimido","100 mg"
"PCDT Esquizofrenia PCDT Transtorno Afetivo Bipolar do tipo I PCDT Transtorno Esquizoafetivo","Componente Especializado","","1B"
"PCDT Doença Falciforme","Componente Especializado","cápsula","500 mg"
"PCDT Doença Falciforme","Componente Especializado","","1B"
"idursulfase","Componente Especializado","solução injetável","2 mg/mL"
"idursulfase","Componente Especializado","","1A"
"iloprosta","Componente Especializado","solução inalatória","10 mcg/mL"
"iloprosta","Componente Especializado","","1B"
"PCDT Hipertensão Pulmonar","Componente Especializado","pó para solução injetável","400 U"
"PCDT Hipertensão Pulmonar","Componente Especializado","","1A"
"PCDT Doença de Gaucher","Componente Especializado","","1B"
"imunoglobulina humana","Componente Especializado","solução injetável","0,5 g"
"Concentração/ Composição","Componente Especializado","","0,5 g"
"Concentração/ Composição","Componente Especializado","pó para solução injetável",""
"Grupo de financiamento","Componente Especializado","","1B"
"PCDT Anemia Hemolítica Autoimune PCDT Dermatomiosite e Polimiosite PCDT Imunodeficiência Primária com Predominância de Defeitos de Anticorpos PCDT Imunossupressão em Transplante Renal PCDT Miastenia Gravis PCDT Púrpura Trombocitopênica Idiopática PCDT Síndrome de Falência Medular PCDT Síndrome de Guillain-Barré","Componente Especializado","","1B"
"imunoglobulina humana","Componente Especializado","pó para solução injetável","1g"
"Concentração/ Composição","Componente Especializado","","1g"
"Concentração/ Composição","Componente Especializado","solução injetável",""
"Grupo de financiamento","Componente Especializado","","1B"
"PCDT Anemia Hemolítica Autoimune PCDT Dermatomiosite e Polimiosite PCDT Imunodeficiência Primária com Predominância de Defeitos de Anticorpos PCDT Imunossupressão em Transplante Renal PCDT Miastenia Gravis PCDT Púrpura Trombocitopênica Idiopática PCDT Síndrome de Falência Medular PCDT Síndrome de Guillain-Barré","Componente Especializado","","1B"
"imunoglobulina humana","Componente Especializado","pó para solução injetável","2,5 g"
"Concentração/ Composição","Componente Especializado","","2,5 g"
"Concentração/ Composição","Componente Especializado","solução injetável",""
"Grupo de financiamento","Componente Especializado","","1B"
"PCDT Anemia Hemolítica Autoimune PCDT Dermatomiosite e Polimiosite PCDT Imunodeficiência Primária com Predominância de Defeitos de Anticorpos PCDT Imunossupressão em Transplante Renal PCDT Miastenia Gravis PCDT Púrpura Trombocitopênica Idiopática PCDT Síndrome de Falência Medular PCDT Síndrome de Guillain-Barré","Componente Especializado","","1A"
"imunoglobulina humana","Componente Especializado","pó para solução injetável","5g"
"Documento norteador1","Componente Especializado","","1A"
"PCDT Anemia Hemolítica Autoimune PCDT Dermatomiosite e Polimiosite PCDT Imunodeficiência Primária com Predominância de Defeitos de Anticorpos PCDT Imunossupressão em Transplante Renal PCDT Miastenia Gravis PCDT Púrpura Trombocitopênica Idiopática PCDT Síndrome de Falência Medular PCDT Síndrome de Guillain-Barré","Componente Especializado","pó para solução injetável","100 mg"
"PCDT Anemia Hemolítica Autoimune PCDT Dermatomiosite e Polimiosite PCDT Imunodeficiência Primária com Predominância de Defeitos de Anticorpos PCDT Imunossupressão em Transplante Renal PCDT Miastenia Gravis PCDT Púrpura Trombocitopênica Idiopática PCDT Síndrome de Falência Medular PCDT Síndrome de Guillain-Barré","Componente Especializado","","1A"
"PCDT Artrite Psoríaca PCDT Artrite Reumatoide PCDT Artrite Idiopática Juvenil PCDT Doença de Crohn PCDT Espondilite Ancilosante PCDT Retocolite Ulcerativa","Componente Especializado","solução injetável","300 UI/mL"
"PCDT Artrite Psoríaca PCDT Artrite Reumatoide PCDT Artrite Idiopática Juvenil PCDT Doença de Crohn PCDT Espondilite Ancilosante PCDT Retocolite Ulcerativa","Componente Especializado","","1A"
"PCDT Diabetes Mellitus Tipo 1","Componente Especializado","solução injetável","100 UI/mL"
"PCDT Diabetes Mellitus Tipo 1","Componente Especializado","","1A"
"PCDT Diabetes Mellitus Tipo 1","Componente Especializado","solução injetável","5g"
"insulina análoga de ação rápida","Componente Especializado","solução injetável","100 UI/mL"
"insulina análoga de ação rápida","Componente Especializado","","1A"
"PCDT Diabetes Mellitus Tipo 1","Componente Especializado","cápsula","10 mg"
"PCDT Diabetes Mellitus Tipo 1","Componente Especializado","","2"
"Protocolo de Uso da Isotretinoína no Tratamento da Acne Grave","Componente Especializado","cápsula","20 mg"
"Protocolo de Uso da Isotretinoína no Tratamento da Acne Grave","Componente Especializado","","2"
"Protocolo de Uso da Isotretinoína no Tratamento da Acne Grave","Componente Especializado","comprimido","150 mg"
"Protocolo de Uso da Isotretinoína no Tratamento da Acne Grave","Componente Especializado","","1A"
"PCDT Fibrose Cística","Componente Especializado","comprimido","25 mg"
"PCDT Fibrose Cística","Componente Especializado","","2"
"PCDT Epilepsia PCDT Transtorno Afetivo Bipolar do tipo I","Componente Especializado","comprimido","50 mg"
"PCDT Epilepsia PCDT Transtorno Afetivo Bipolar do tipo I","Componente Especializado","","2"
"PCDT Epilepsia PCDT Transtorno Afetivo Bipolar do tipo I","Componente Especializado","comprimido","100 mg"
"PCDT Epilepsia PCDT Transtorno Afetivo Bipolar do tipo I","Componente Especializado","","2"
"laronidase","Componente Especializado","solução injetável","0,58 mg/mL"
"laronidase","Componente Especializado","","1A"
"latanoprosta","Componente Especializado","solução oftálmica","0,05 mg/mL (0,005%)"
"latanoprosta","Componente Especializado","","1A"
"Documento norteador1","Componente Especializado","comprimido","20 mg"
"Documento norteador1","Componente Especializado","","1A"
"PCDT Artrite Idiopática Juvenil PCDT Artrite Psoríaca PCDT Artrite Reumatoide","Componente Especializado","comprimido","250 mg"
"PCDT Artrite Idiopática Juvenil PCDT Artrite Psoríaca PCDT Artrite Reumatoide","Componente Especializado","","1A"
"PCDT Epilepsia","Componente Especializado","comprimido","750 mg"
"PCDT Epilepsia","Componente Especializado","","1A"
"PCDT Epilepsia","Componente Especializado","solução oral","100 mg/mL"
"PCDT Epilepsia","Componente Especializado","","1A"
"PCDT Epilepsia","Componente Especializado","comprimido","500 mg"
"PCDT Epilepsia","Componente Especializado","","1A"
"PCDT Epilepsia","Componente Especializado","comprimido","1.000 mg"
"PCDT Epilepsia","Componente Especializado","","1A"
"PCDT Epilepsia","Componente Especializado","solução oftálmica","5 mg/mL (0,5%)"
"PCDT Epilepsia","Componente Especializado","","2"
"PCDT Glaucoma","Componente Especializado","solução injetável","40 mg/0,4 mL"
"PCDT Glaucoma","Componente Especializado","","1B"
"PCDT Asma","Componente Especializado","pó para solução injetável","100 mg"
"PCDT Asma","Componente Especializado","","1B"
"PCDT Asma","Componente Especializado","solução injetável","100 mg/mL"
"PCDT Asma","Componente Especializado","","1B"
"Grupo de financiamento","Componente Especializado","comprimido","400 mg"
"Grupo de financiamento","Componente Especializado","","2"
"PCDT Doença de Crohn PCDT Retocolite Ulcerativa","Componente Especializado","comprimido de liberação prolongada","500 mg"
"PCDT Doença de Crohn PCDT Retocolite Ulcerativa","Componente Especializado","","2"
"PCDT Doença de Crohn PCDT Retocolite Ulcerativa","Componente Especializado","comprimido","800 mg"
"PCDT Doença de Crohn PCDT Retocolite Ulcerativa","Componente Especializado","","2"
"PCDT Doença de Crohn PCDT Retocolite Ulcerativa","Componente Especializado","supositório retal","250 mg"
"PCDT Doença de Crohn PCDT Retocolite Ulcerativa","Componente Especializado","","2"
"PCDT Retocolite Ulcerativa","Componente Especializado","supositório retal","500 mg"
"PCDT Retocolite Ulcerativa","Componente Especializado","","2"
"PCDT Retocolite Ulcerativa","Componente Especializado","supositório retal","1000 mg"
"PCDT Retocolite Ulcerativa","Componente Especializado","","2"
"PCDT Retocolite Ulcerativa","Componente Especializado","enema","10 mg/mL"
"PCDT Retocolite Ulcerativa","Componente Especializado","","2"
"PCDT Retocolite Ulcerativa","Componente Especializado","granulado revestido de liberação prolongada","2g"
"PCDT Retocolite Ulcerativa","Componente Especializado","","2"
"mesilato de bromocriptina","Componente Especializado","comprimido","2,5 mg"
"mesilato de bromocriptina","Componente Especializado","","1B"
"mesilato de desferroxamina","Componente Especializado","pó para solução injetável","500 mg"
"mesilato de desferroxamina","Componente Especializado","","1B"
"mesilato de rasagilina","Componente Especializado","comprimido","1 mg"
"mesilato de rasagilina","Componente Especializado","","1A"
"PCDT Doença de Parkinson","Componente Especializado","","1A"
"metotrexato","Componente Especializado","solução injetável","25 mg/mL"
"Concentração/ Composição","Componente Especializado","","2,5 mg"
"Concentração/ Composição","Componente Especializado","","500 mg"
"Concentração/ Composição","Componente Especializado","comprimido",""
"Concentração/ Composição","Componente Especializado","comprimido",""
"Documento norteador1","Componente Especializado","","1A"
"PCDT Artrite Idiopática Juvenil PCDT Artrite Psoríaca PCDT Artrite Reumatoide PCDT Dermatomiosite e Polimiosite PCDT Esclerose Sistêmica PCDT Espondilite Ancilosante PCDT Lúpus Eritematoso Sistêmico PCDT Psoríase","Componente Especializado","","1A"
"Concentração/ Composição","Componente Especializado","","180 mg"
"Concentração/ Composição","Componente Especializado","comprimido",""
"Documento norteador1","Componente Especializado","","1A"
"miglustate","Componente Especializado","comprimido","360 mg"
"miglustate","Componente Especializado","","1A"
"PCDT Imunossupressão no Transplante Cardíaco PCDT Imunossupressão no Transplante Hepático em Adultos PCDT Imunossupressão no Transplante Hepático em Pediatria PCDT Imunossupressão em Transplante Renal PCDT Lúpus Eritematoso Sistêmico","Componente Especializado","cápsula","100 mg"
"PCDT Imunossupressão no Transplante Cardíaco PCDT Imunossupressão no Transplante Hepático em Adultos PCDT Imunossupressão no Transplante Hepático em Pediatria PCDT Imunossupressão em Transplante Renal PCDT Lúpus Eritematoso Sistêmico","Componente Especializado","","1A"
"Concentração/ Composição","Componente Especializado","","250 mg"
"Concentração/ Composição","Componente Especializado","comprimido",""
"Documento norteador1","Componente Especializado","","2"
"naproxeno","Componente Especializado","comprimido","500 mg"
"naproxeno","Componente Especializado","","2"
"natalizumabe","Componente Especializado","solução injetável","20 mg/mL"
"natalizumabe","Componente Especializado","","1A"
"nusinersena","Componente Especializado","solução injetável","2,4 mg/mL"
"nusinersena","Componente Especializado","","1A"
"Concentração/ Composição","Componente Especializado","","5 mg"
"Concentração/ Composição","Componente Especializado","comprimido",""
"Grupo de financiamento","Componente Especializado","","1A"
"PCDT Esquizofrenia PCDT Transtorno Afetivo Bipolar do tipo I PCDT Transtorno Esquizoafetivo","Componente Especializado","comprimido","olanzapina 10 mg"
"PCDT Esquizofrenia PCDT Transtorno Afetivo Bipolar do tipo I PCDT Transtorno Esquizoafetivo","Componente Especializado","","1A"
"PCDT Esquizofrenia PCDT Transtorno Afetivo Bipolar do tipo I PCDT Transtorno Esquizoafetivo","Componente Especializado","pó para solução injetável","150 mg"
"PCDT Esquizofrenia PCDT Transtorno Afetivo Bipolar do tipo I PCDT Transtorno Esquizoafetivo","Componente Especializado","","1B"
"PCDT Asma","Componente Especializado","solução injetável","150 mg"
"PCDT Asma","Componente Especializado","","1B"
"PCDT Asma","Componente Especializado","suspensão injetável","2,0 x 1013 gv/mL"
"PCDT Asma","Componente Especializado","","1A"
"PCDT Atrofia Muscular Espinhal 5q tipos 1 e 2 (apenas para AME tipo 1)","Componente Especializado","pó para solução injetável","60 mg"
"PCDT Atrofia Muscular Espinhal 5q tipos 1 e 2 (apenas para AME tipo 1)","Componente Especializado","","2"
"Grupo de financiamento","Componente Especializado","pó para suspensão injetável","40 mg"
"Grupo de financiamento","Componente Especializado","","1A"
"PCDT Acromegalia","Componente Especializado","pó para suspensão injetável","60 mg"
"PCDT Acromegalia","Componente Especializado","","1A"
"PCDT Acromegalia","Componente Especializado","cápsula","10.000 UI"
"PCDT Acromegalia","Componente Especializado","","1B"
"PCDT Fibrose Cística PCDT Insuficiência Pancreática Exócrina","Componente Especializado","cápsula","25.000 UI"
"PCDT Fibrose Cística PCDT Insuficiência Pancreática Exócrina","Componente Especializado","","1B"
"paricalcitol","Componente Especializado","solução injetável","5 mcg/mL"
"paricalcitol","Componente Especializado","","1A"
"penicilamina","Componente Especializado","cápsula","250 mg"
"penicilamina","Componente Especializado","","1B"
"PCDT Doença de Wilson","Componente Especializado","comprimido","10 mg"
"PCDT Doença de Wilson","Componente Especializado","","2"
"PCDT Dislipidemia: prevenção de eventos cardiovasculares e pancreatite","Componente Especializado","comprimido","20 mg"
"PCDT Dislipidemia: prevenção de eventos cardiovasculares e pancreatite","Componente Especializado","","2"
"PCDT Dislipidemia: prevenção de eventos cardiovasculares e pancreatite","Componente Especializado","comprimido","40 mg"
"PCDT Dislipidemia: prevenção de eventos cardiovasculares e pancreatite","Componente Especializado","","2"
"Grupo de financiamento","Componente Especializado","comprimido","100 mg"
"Grupo de financiamento","Componente Especializado","","2"
"PCDT Epilepsia","Componente Especializado","comprimido","250 mg"
"PCDT Epilepsia","Componente Especializado","","2"
"PCDT Epilepsia","Componente Especializado","creme","0,5 mg/g"
"PCDT Epilepsia","Componente Especializado","","2"
"PCDT Psoríase","Componente Especializado","solução capilar","0,5 mg/g"
"PCDT Psoríase","Componente Especializado","","2"
"ravulizumabe","Componente Especializado","solução para diluição para infusão","100 mg/mL"
"ravulizumabe","Componente Especializado","","1A"
"riluzol","Componente Especializado","comprimido","50 mg"
"riluzol","Componente Especializado","","1A"
"risanquizumabe","Componente Especializado","solução injetável","75 mg/0,83 mL"
"risanquizumabe","Componente Especializado","","1A"
"risdiplam","Componente Especializado","pó para solução oral","0,75 mg/mL"
"risdiplam","Componente Especializado","","1A"
"risedronato sódico","Componente Especializado","comprimido","35 mg"
"risedronato sódico","Componente Especializado","","2"
"Grupo de financiamento","Componente Especializado","solução oral","1 mg/mL"
"Grupo de financiamento","Componente Especializado","","1B"
"PCDT Comportamento Agressivo no Transtorno do Espectro do Autismo","Componente Especializado","","1B"
"PCDT Comportamento Agressivo no Transtorno do Espectro do Autismo PCDT Esquizofrenia PCDT Transtorno Afetivo Bipolar do tipo I PCDT Transtorno Esquizoafetivo","Componente Especializado","","1B"
"PCDT Comportamento Agressivo no Transtorno do Espectro do Autismo PCDT Esquizofrenia PCDT Transtorno Afetivo Bipolar do tipo I PCDT Transtorno Esquizoafetivo","Componente Especializado","","1B"
"PCDT Comportamento Agressivo no Transtorno do Espectro do Autismo PCDT Esquizofrenia PCDT Transtorno Afetivo Bipolar do tipo I PCDT Transtorno Esquizoafetivo","Componente Especializado","","1A"
"PCDT Artrite Reumatoide PCDT Vasculites Associadas aos Anticorpos Anticitoplasma de Neutrófilos (Anca)","Componente Especializado","comprimido","1 mg"
"PCDT Artrite Reumatoide PCDT Vasculites Associadas aos Anticorpos Anticitoplasma de Neutrófilos (Anca)","Componente Especializado","","risperidona 2 mg"
"rituximabe","Componente Especializado","comprimido",""
"rituximabe","Componente Especializado","comprimido","3 mg"
"rituximabe","Componente Especializado","solução para diluição para infusão","10 mg/mL"
"Grupo de financiamento","Componente Especializado","cápsula","1,5 mg"
"Grupo de financiamento","Componente Especializado","","1A"
"PCDT Doença de Alzheimer PCDT Doença de Parkinson","Componente Especializado","cápsula","3 mg"
"PCDT Doença de Alzheimer PCDT Doença de Parkinson","Componente Especializado","","1A"
"PCDT Doença de Alzheimer PCDT Doença de Parkinson","Componente Especializado","cápsula","4,5 mg"
"PCDT Doença de Alzheimer PCDT Doença de Parkinson","Componente Especializado","","1A"
"PCDT Doença de Alzheimer PCDT Doença de Parkinson","Componente Especializado","cápsula","6 mg"
"PCDT Doença de Alzheimer PCDT Doença de Parkinson","Componente Especializado","","1A"
"PCDT Doença de Alzheimer PCDT Doença de Parkinson","Componente Especializado","solução oral","2 mg/mL"
"PCDT Doença de Alzheimer PCDT Doença de Parkinson","Componente Especializado","","1B"
"PCDT Doença de Alzheimer","Componente Especializado","adesivo transdérmico","9 mg"
"PCDT Doença de Alzheimer","Componente Especializado","","1A"
"PCDT Doença de Alzheimer PCDT Doença de Parkinson","Componente Especializado","adesivo transdérmico","18 mg"
"PCDT Doença de Alzheimer PCDT Doença de Parkinson","Componente Especializado","","1A"
"romosozumabe","Componente Especializado","solução injetável","90 mg/mL"
"romosozumabe","Componente Especializado","","1A"
"sacarato de hidróxido férrico","Componente Especializado","solução injetável","20 mg/mL"
"sacarato de hidróxido férrico","Componente Especializado","","1B"
"Grupo de financiamento","Componente Especializado","comprimido","50 mg"
"Grupo de financiamento","Componente Especializado","","1B"
"PCDT Insuficiência Cardíaca com Fração de Ejeção Reduzida","Componente Especializado","comprimido","100 mg"
"PCDT Insuficiência Cardíaca com Fração de Ejeção Reduzida","Componente Especializado","","1B"
"PCDT Insuficiência Cardíaca com Fração de Ejeção Reduzida","Componente Especializado","comprimido","200 mg"
"PCDT Insuficiência Cardíaca com Fração de Ejeção Reduzida","Componente Especializado","","1B"
"PCDT Insuficiência Cardíaca com Fração de Ejeção Reduzida","Componente Especializado","solução injetável","150 mg/mL"
"PCDT Insuficiência Cardíaca com Fração de Ejeção Reduzida","Componente Especializado","","1A"
"PCDT Artrite Psoríaca PCDT Espondilite Ancilosante PCDT Psoríase","Componente Especializado","comprimido","200 mcg"
"PCDT Artrite Psoríaca PCDT Espondilite Ancilosante PCDT Psoríase","Componente Especializado","","1B"
"PCDT Hipertensão Pulmonar","Componente Especializado","comprimido","400 mcg"
"PCDT Hipertensão Pulmonar","Componente Especializado","","1B"
"PCDT Hipertensão Pulmonar","Componente Especializado","comprimido","600 mcg"
"PCDT Hipertensão Pulmonar","Componente Especializado","","1B"
"PCDT Hipertensão Pulmonar","Componente Especializado","comprimido","800 mcg"
"PCDT Hipertensão Pulmonar","Componente Especializado","","1B"
"PCDT Hipertensão Pulmonar","Componente Especializado","comprimido","1.000 mcg"
"PCDT Hipertensão Pulmonar","Componente Especializado","","1B"
"PCDT Hipertensão Pulmonar","Componente Especializado","comprimido","1.200 mcg"
"PCDT Hipertensão Pulmonar","Componente Especializado","","1B"
"PCDT Hipertensão Pulmonar","Componente Especializado","comprimido","1.400 mcg"
"PCDT Hipertensão Pulmonar","Componente Especializado","","1B"
"PCDT Hipertensão Pulmonar","Componente Especializado","comprimido","1.600 mcg"
"PCDT Hipertensão Pulmonar","Componente Especializado","","1B"
"Concentração/ Composição","Componente Especializado","","1 mg"
"Concentração/ Composição","Componente Especializado","comprimido",""
"Grupo de financiamento","Componente Especializado","","1A"
"Documento norteador1","Componente Especializado","comprimido","2 mg"
"Documento norteador1","Componente Especializado","","1A"
"PCDT Imunossupressão no Transplante Hepático em Pediatria PCDT Imunossupressão em Transplante Renal PCDT Linfangioleiomiomatose","Componente Especializado","solução injetável","4 UI"
"PCDT Imunossupressão no Transplante Hepático em Pediatria PCDT Imunossupressão em Transplante Renal PCDT Linfangioleiomiomatose","Componente Especializado","","1A"
"PCDT Deficiência do Hormônio de Crescimento PCDT Síndrome de Turner","Componente Especializado","pó para solução injetável","4 UI"
"PCDT Deficiência do Hormônio de Crescimento PCDT Síndrome de Turner","Componente Especializado","","1A"
"PCDT Deficiência do Hormônio de Crescimento PCDT Síndrome de Turner","Componente Especializado","solução injetável","12 UI"
"PCDT Deficiência do Hormônio de Crescimento PCDT Síndrome de Turner","Componente Especializado","","1A"
"Grupo de financiamento","Componente Especializado","pó para solução injetável","12 UI"
"Grupo de financiamento","Componente Especializado","","1A"
"PCDT Deficiência do Hormônio de Crescimento PCDT Síndrome de Turner","Componente Especializado","solução injetável","15 UI"
"PCDT Deficiência do Hormônio de Crescimento PCDT Síndrome de Turner","Componente Especializado","","1A"
"PCDT Deficiência do Hormônio de Crescimento PCDT Síndrome de Turner","Componente Especializado","pó para solução injetável","15 UI"
"PCDT Deficiência do Hormônio de Crescimento PCDT Síndrome de Turner","Componente Especializado","","1A"
"PCDT Deficiência do Hormônio de Crescimento PCDT Síndrome de Turner","Componente Especializado","solução injetável","16 UI"
"PCDT Deficiência do Hormônio de Crescimento PCDT Síndrome de Turner","Componente Especializado","","1A"
"PCDT Deficiência do Hormônio de Crescimento PCDT Síndrome de Turner","Componente Especializado","pó para solução injetável","16 UI"
"PCDT Deficiência do Hormônio de Crescimento PCDT Síndrome de Turner","Componente Especializado","","1A"
"PCDT Deficiência do Hormônio de Crescimento PCDT Síndrome de Turner","Componente Especializado","solução injetável","18 UI"
"PCDT Deficiência do Hormônio de Crescimento PCDT Síndrome de Turner","Componente Especializado","","1A"
"Grupo de financiamento","Componente Especializado","pó para solução injetável","18 UI"
"Grupo de financiamento","Componente Especializado","","1A"
"PCDT Deficiência do Hormônio de Crescimento PCDT Síndrome de Turner","Componente Especializado","solução injetável","24 UI"
"PCDT Deficiência do Hormônio de Crescimento PCDT Síndrome de Turner","Componente Especializado","","1A"
"PCDT Deficiência do Hormônio de Crescimento PCDT Síndrome de Turner","Componente Especializado","pó para solução injetável","24 UI"
"PCDT Deficiência do Hormônio de Crescimento PCDT Síndrome de Turner","Componente Especializado","","1A"
"PCDT Deficiência do Hormônio de Crescimento PCDT Síndrome de Turner","Componente Especializado","solução injetável","30 UI"
"PCDT Deficiência do Hormônio de Crescimento PCDT Síndrome de Turner","Componente Especializado","","1A"
"PCDT Deficiência do Hormônio de Crescimento PCDT Síndrome de Turner","Componente Especializado","pó para solução injetável","30 UI"
"PCDT Deficiência do Hormônio de Crescimento PCDT Síndrome de Turner","Componente Especializado","","1A"
"Concentração/ Composição","Componente Especializado","","500 mg"
"Concentração/ Composição","Componente Especializado","","500 mg"
"Concentração/ Composição","Componente Especializado","","400 mg"
"Concentração/ Composição","Componente Especializado","pó para solução injetável",""
"Concentração/ Composição","Componente Especializado","comprimido",""
"Concentração/ Composição","Componente Especializado","comprimido",""
"Documento norteador1","Componente Especializado","","2"
"PCDT Doença de Crohn PCDT Imunossupressão no Transplante Cardíaco PCDT Imunossupressão no Transplante Hepático em Adultos PCDT Imunossupressão no Transplante Hepático em Pediatria PCDT Imunossupressão em Transplante Renal PCDT Uveítes não Infecciosas","Componente Especializado","","2"
"PCDT Artrite Idiopática Juvenil PCDT Artrite Psoríaca PCDT Artrite Reativa PCDT Artrite Reumatoide PCDT Doença de Crohn PCDT Espondilite Ancilosante PCDT Retocolite Ulcerativa","Componente Especializado","","2"
"Grupo de financiamento","Componente Especializado","solução injetável","10 mg/mL"
"Grupo de financiamento","Componente Especializado","","2"
"PCDT Dor Crônica","Componente Especializado","solução oral","10 mg/mL"
"PCDT Dor Crônica","Componente Especializado","","2"
"PCDT Dor Crônica","Componente Especializado","comprimido","10 mg"
"PCDT Dor Crônica","Componente Especializado","","2"
"PCDT Dor Crônica","Componente Especializado","comprimido","30 mg"
"PCDT Dor Crônica","Componente Especializado","","2"
"PCDT Dor Crônica","Componente Especializado","cápsula de liberação prolongada","30 mg"
"PCDT Dor Crônica","Componente Especializado","","2"
"PCDT Dor Crônica","Componente Especializado","cápsula de liberação prolongada","60 mg"
"PCDT Dor Crônica","Componente Especializado","","2"
"PCDT Dor Crônica","Componente Especializado","cápsula de liberação prolongada","100 mg"
"PCDT Dor Crônica","Componente Especializado","","2"
"Concentração/ Composição","Componente Especializado","","1 mg"
"Concentração/ Composição","Componente Especializado","cápsula",""
"Documento norteador1","Componente Especializado","","1A"
"tacrolimo","Componente Especializado","cápsula","5 mg"
"tacrolimo","Componente Especializado","","1A"
"tafamidis","Componente Especializado","cápsula","61 mg"
"tafamidis","Componente Especializado","","1A"
"tafamidis meglumina","Componente Especializado","cápsula","20 mg"
"tafamidis meglumina","Componente Especializado","","1A"
"tartarato de brimonidina","Componente Especializado","solução oftálmica","2 mg/mL (0,2%)"
"tartarato de brimonidina","Componente Especializado","","2"
"teriflunomida","Componente Especializado","comprimido","14 mg"
"teriflunomida","Componente Especializado","","1A"
"tobramicina","Componente Especializado","solução inalatória","300 mg"
"tobramicina","Componente Especializado","","1A"
"tocilizumabe","Componente Especializado","solução injetável","20 mg/mL"
"tocilizumabe","Componente Especializado","","1A"
"Documento norteador1","Componente Especializado","comprimido","5 mg"
"Documento norteador1","Componente Especializado","","1A"
"PCDT Artrite Psoríaca PCDT Artrite Reumatoide PCDT Retocolite Ulcerativa","Componente Especializado","comprimido","25 mg"
"PCDT Artrite Psoríaca PCDT Artrite Reumatoide PCDT Retocolite Ulcerativa","Componente Especializado","","2"
"PCDT Epilepsia","Componente Especializado","comprimido","50 mg"
"PCDT Epilepsia","Componente Especializado","","2"
"PCDT Epilepsia","Componente Especializado","comprimido","100 mg"
"PCDT Epilepsia","Componente Especializado","","2"
"Grupo de financiamento","Componente Especializado","pó para solução injetável","100 U"
"Grupo de financiamento","Componente Especializado","","1A"
"PCDT Distonias e Espasmo Hemifacial PCDT Espasticidade","Componente Especializado","pó para solução injetável","500 U"
"PCDT Distonias e Espasmo Hemifacial PCDT Espasticidade","Componente Especializado","","1A"
"PCDT Distonias e Espasmo Hemifacial PCDT Espasticidade","Componente Especializado","solução oftálmica","0,04 mg/mL (0,004%)"
"PCDT Distonias e Espasmo Hemifacial PCDT Espasticidade","Componente Especializado","","1A"
"PCDT Glaucoma","Componente Especializado","pó para suspensão injetável de liberação prolongada","3,75 mg"
"PCDT Glaucoma","Componente Especializado","","1B"
"PCDT Endometriose PCDT Leiomioma de Útero PCDT Puberdade Precoce Central","Componente Especializado","comprimido de liberação prolongada","15 mg"
"PCDT Endometriose PCDT Leiomioma de Útero PCDT Puberdade Precoce Central","Componente Especializado","","1A"
"Grupo de financiamento","Componente Especializado","solução injetável","45 mg/0,5 mL"
"Grupo de financiamento","Componente Especializado","","1A"
"PCDT Doença de Crohn PCDT Psoríase","Componente Especializado","solução injetável","130 mg"
"PCDT Doença de Crohn PCDT Psoríase","Componente Especializado","","1A"
"vedolizumabe","Componente Especializado","pó para solução injetável","300 mg"
"vedolizumabe","Componente Especializado","","1A"
"vigabatrina","Componente Especializado","comprimido","500 mg"
"vigabatrina","Componente Especializado","","2"
"PCDT Epilepsia","Componente Especializado","","2"
"xinafoato de salmeterol","Componente Especializado","pó inalatório","50 mcg"
"Concentração/ Composição​","Relação Nacional de Insumos","",""
"Concentração/ Composição​","Relação Nacional de Insumos","solução injetável 5 mL","solução injetável 5 mL"
"V07AB","Relação Nacional de Insumos","",""
"V07AB","Relação Nacional de Insumos","solução injetável 10 mL","solução injetável 10 mL"
"V07AB","Relação Nacional de Insumos","",""
"V07AB","Relação Nacional de Insumos","solução injetável 100 mL","solução injetável 100 mL"
"V07AB","Relação Nacional de Insumos","",""
"V07AB","Relação Nacional de Insumos","solução injetável 500 mL","solução injetável 500 mL"
"V07AB","Relação Nacional de Insumos","",""
"V07AB","Relação Nacional de Insumos","",""
"Vários","Relação Nacional de Insumos","",""
"Código ATC","Relação Nacional de Insumos","gel","70%"
"D08AX08","Relação Nacional de Insumos","solução","70%"
"caneta para aplicação de insulina","Relação Nacional de Insumos","",""
"caneta para aplicação de insulina","Relação Nacional de Insumos","",""
"Vários","Relação Nacional de Insumos","",""
"Vários","Relação Nacional de Insumos","","60 mm de diâmetro"
"Vários","Relação Nacional de Insumos","",""
"Vários","Relação Nacional de Insumos","",""
"Vários","Relação Nacional de Insumos","","65 mm de diâmetro"
"Vários","Relação Nacional de Insumos","",""
"Vários","Relação Nacional de Insumos","",""
"Vários","Relação Nacional de Insumos","","70 mm de diâmetro"
"Vários","Relação Nacional de Insumos","",""
"Vários","Relação Nacional de Insumos","",""
"Vários","Relação Nacional de Insumos","","75 mm de diâmetro"
"Vários","Relação Nacional de Insumos","",""
"Vários","Relação Nacional de Insumos","",""
"Vários","Relação Nacional de Insumos","","80 mm de diâmetro"
"Vários","Relação Nacional de Insumos","",""
"Vários","Relação Nacional de Insumos","",""
"Vários","Relação Nacional de Insumos","","85 mm de diâmetro"
"Vários","Relação Nacional de Insumos","",""
"Vários","Relação Nacional de Insumos","",""
"dispositivo intrauterino plástico com cobre (DIU)","Relação Nacional de Insumos","",""
"glutaral","Relação Nacional de Insumos","solução","0,02"
"Vários","Relação Nacional de Insumos","",""
"hipoclorito de sódio","Relação Nacional de Insumos","solução","10 mg/mL (1%)"
"Vários","Relação Nacional de Insumos","",""
"Vários","Relação Nacional de Insumos","solução para uso tópico",""
"iodo + iodeto de potássio","Relação Nacional de Insumos","","20 mg/mL + 40 mg/mL"
"lancetas para punção digital","Relação Nacional de Insumos","",""
"Vários","Relação Nacional de Insumos","",""
"seringas com agulha acoplada para aplicação de insulina","Relação Nacional de Insumos","",""
"Vários","Relação Nacional de Insumos","",""
"tiras reagentes de medida de glicemia capilar","Relação Nacional de Insumos","",""
"Vários","Relação Nacional de Insumos","",""